-- phpMyAdmin SQL Dump
-- version 5.2.0
-- https://www.phpmyadmin.net/
--
-- Host: 127.0.0.1
-- Generation Time: Dec 24, 2025 at 02:36 PM
-- Server version: 10.4.27-MariaDB
-- PHP Version: 7.4.33

SET SQL_MODE = "NO_AUTO_VALUE_ON_ZERO";
START TRANSACTION;
SET time_zone = "+00:00";


/*!40101 SET @OLD_CHARACTER_SET_CLIENT=@@CHARACTER_SET_CLIENT */;
/*!40101 SET @OLD_CHARACTER_SET_RESULTS=@@CHARACTER_SET_RESULTS */;
/*!40101 SET @OLD_COLLATION_CONNECTION=@@COLLATION_CONNECTION */;
/*!40101 SET NAMES utf8mb4 */;

--
-- Database: `absensi`
--

-- --------------------------------------------------------

--
-- Table structure for table `absensi`
--

CREATE TABLE `absensi` (
  `id` int(11) NOT NULL,
  `no` int(11) NOT NULL,
  `nama` varchar(100) NOT NULL,
  `nip` varchar(20) NOT NULL,
  `tanggal` date NOT NULL,
  `hadir` tinyint(1) DEFAULT 0 COMMENT '1=Hadir, 0=Tidak',
  `sakit` tinyint(1) DEFAULT 0 COMMENT '1=Sakit, 0=Tidak',
  `izin` tinyint(1) DEFAULT 0 COMMENT '1=Izin, 0=Tidak',
  `alfa` tinyint(1) DEFAULT 0 COMMENT '1=Alfa, 0=Tidak',
  `dinas_luar` tinyint(1) DEFAULT 0 COMMENT '1=Dinas Luar, 0=Tidak',
  `cuti` tinyint(1) DEFAULT 0 COMMENT '1=Cuti, 0=Tidak',
  `terlambat_kurang_30` int(11) DEFAULT 0,
  `terlambat_30_90` int(11) DEFAULT 0,
  `terlambat_lebih_90` int(11) DEFAULT 0,
  `tidak_finger_masuk` int(11) DEFAULT 0,
  `tidak_finger_pulang` int(11) DEFAULT 0
) ENGINE=InnoDB DEFAULT CHARSET=utf8mb4 COLLATE=utf8mb4_general_ci;

--
-- Dumping data for table `absensi`
--

INSERT INTO `absensi` (`id`, `no`, `nama`, `nip`, `tanggal`, `hadir`, `sakit`, `izin`, `alfa`, `dinas_luar`, `cuti`, `terlambat_kurang_30`, `terlambat_30_90`, `terlambat_lebih_90`, `tidak_finger_masuk`, `tidak_finger_pulang`) VALUES
(951, 1, 'Wendy', '12345', '2025-12-01', 0, 1, 1, 1, 1, 1, 11, 0, 0, 0, 0),
(952, 2, 'Najdah', '54321', '2025-12-01', 0, 1, 1, 1, 1, 1, 0, 0, 0, 0, 0),
(953, 3, 'Lorenza', '121212', '2025-12-01', 0, 1, 2, 3, 2, 4, 6, 10, 1, 3, 3),
(954, 0, 'NAMA', 'NIP', '2025-12-01', 0, 0, 0, 0, 0, 0, 0, 0, 0, 0, 0),
(955, 1, 'Wendy', '12345', '2025-12-01', 0, 1, 1, 1, 1, 1, 11, 0, 0, 0, 0),
(956, 2, 'Najdah', '54321', '2025-12-01', 0, 1, 1, 1, 1, 1, 0, 0, 0, 0, 0),
(957, 3, 'Lorenza', '121212', '2025-12-01', 0, 1, 2, 3, 2, 4, 6, 10, 1, 3, 3),
(958, 0, 'NAMA', 'ID PEGAWAI', '2025-09-01', 0, 0, 0, 0, 0, 0, 0, 0, 0, 0, 0),
(959, 1, 'Abdul Mait, S.E', 'DS043', '2025-09-01', 0, 0, 0, 0, 0, 0, 11, 0, 0, 0, 0),
(960, 2, 'Ade Irmayanti', 'DS041', '2025-09-01', 0, 0, 0, 0, 0, 0, 0, 0, 0, 0, 0),
(961, 3, 'Adi Mulyanto, SE', 'DS010', '2025-09-01', 0, 0, 0, 0, 0, 0, 6, 10, 1, 3, 3),
(962, 4, 'Agus Nurcahyo, S.Kom', 'DS098', '2025-09-01', 0, 0, 0, 0, 0, 0, 16, 4, 0, 1, 1),
(963, 5, 'Ahmad Kandiaz, S.H', 'DS002', '2025-09-01', 0, 0, 0, 0, 0, 0, 5, 0, 0, 7, 7),
(964, 6, 'Ahmad Rinduwan', 'DS063', '2025-09-01', 0, 0, 0, 0, 0, 0, 2, 8, 5, 4, 4),
(965, 7, 'Ahmad Sopian, S.E', 'DS058', '2025-09-01', 0, 0, 0, 0, 0, 0, 0, 2, 1, 6, 6),
(966, 8, 'Alinah', 'DS083', '2025-09-01', 0, 0, 0, 0, 0, 0, 0, 0, 0, 23, 23),
(967, 9, 'Andriani Prayuda, S.M', 'DS069', '2025-09-01', 0, 0, 0, 0, 0, 4, 8, 5, 0, 4, 4),
(968, 10, 'Anggriyani Daulay, S.Kom', 'DS017', '2025-09-01', 0, 0, 0, 0, 3, 0, 5, 3, 0, 1, 1),
(969, 11, 'Annisa Ameliasyari', 'DS060', '2025-09-01', 0, 0, 0, 0, 0, 0, 0, 0, 0, 0, 0),
(970, 12, 'Ari Ardiansah', 'DS009', '2025-09-01', 0, 0, 0, 0, 0, 0, 0, 0, 0, 0, 0),
(971, 13, 'Ari Widiastuti, A.Md', 'DS020', '2025-09-01', 0, 0, 3, 0, 0, 0, 6, 0, 0, 2, 2),
(972, 14, 'Azis Fadhillah, S.H', 'DS031', '2025-09-01', 0, 2, 0, 0, 3, 0, 0, 0, 2, 2, 2),
(973, 15, 'Burhanudin Jaelani Ibnu Ruslan', 'DS070', '2025-09-01', 0, 0, 0, 0, 4, 0, 3, 0, 0, 1, 1),
(974, 16, 'Darmendra Febrianto, S.E', 'DS054', '2025-09-01', 0, 0, 0, 0, 0, 0, 0, 0, 0, 1, 1),
(975, 17, 'Desy Wijiyanti, S.Kom.', 'DS071', '2025-09-01', 0, 0, 0, 0, 0, 0, 3, 2, 1, 3, 3),
(976, 18, 'Dwi Fajar', 'DS078', '2025-09-01', 0, 0, 0, 1, 0, 0, 0, 0, 0, 1, 1),
(977, 19, 'Dwi Wahyuningsih', 'DS086', '2025-09-01', 0, 0, 0, 0, 0, 0, 0, 0, 0, 0, 0),
(978, 20, 'Eroh Rohayati, S.Kom', 'DS042', '2025-09-01', 0, 0, 0, 0, 0, 0, 4, 0, 0, 1, 1),
(979, 21, 'Erry Eka Pratama', 'DS006', '2025-09-01', 0, 0, 2, 0, 0, 0, 6, 1, 0, 6, 6),
(980, 22, 'Fahmi Angga Yudha, A.Md', 'DS066', '2025-09-01', 0, 0, 1, 0, 0, 0, 0, 0, 0, 4, 4),
(981, 23, 'Hasan Basri,S.AP', 'DS053', '2025-09-01', 0, 0, 0, 1, 0, 0, 0, 0, 0, 5, 5),
(982, 24, 'Hindawan Yuniar, S.I.Kom', 'DS056', '2025-09-01', 0, 2, 2, 0, 0, 0, 4, 7, 1, 2, 2),
(983, 25, 'Iis Afriyanti, A.Md', 'DS022', '2025-09-01', 0, 0, 1, 0, 0, 0, 9, 2, 0, 8, 8),
(984, 26, 'Ikhwan Adi Putra', 'DS061', '2025-09-01', 0, 0, 0, 8, 0, 0, 2, 3, 4, 6, 6),
(985, 27, 'Ilham Nurudin', 'DS081', '2025-09-01', 0, 0, 0, 5, 0, 0, 0, 0, 0, 12, 12),
(986, 28, 'Irmawati, S.M.', 'DS037', '2025-09-01', 0, 0, 0, 0, 0, 0, 0, 0, 0, 3, 3),
(987, 29, 'Isgiantoro', 'DS085', '2025-09-01', 0, 0, 0, 0, 4, 0, 2, 10, 1, 0, 0),
(988, 30, 'Istiqomah Aisyiyah, S.Sos', 'DS021', '2025-09-01', 0, 0, 0, 0, 0, 0, 10, 5, 1, 3, 3),
(989, 31, 'Istiyar Iman Aldriansyah, S.Kom', 'DS062', '2025-09-01', 0, 0, 0, 4, 0, 0, 1, 6, 5, 7, 7),
(990, 32, 'Laras Tyas Ayu Pramudya, S.KM', 'DS064', '2025-09-01', 0, 0, 0, 9, 0, 0, 0, 0, 3, 8, 8),
(991, 33, 'Leo Wahyudi, S.H', 'DS013', '2025-09-01', 0, 0, 0, 0, 0, 0, 15, 3, 0, 1, 1),
(992, 34, 'Lilis Suryani, S.E', 'DS065', '2025-09-01', 0, 0, 0, 0, 13, 0, 0, 0, 0, 1, 1),
(993, 35, 'Linda Amalia,S.Psi', 'DS059', '2025-09-01', 0, 0, 0, 0, 8, 0, 1, 2, 0, 6, 6),
(994, 36, 'Mariyah, S.E', 'DS039', '2025-09-01', 0, 1, 0, 0, 0, 0, 10, 4, 0, 0, 0),
(995, 37, 'Mawaddah Khalisah, S.E.', 'DS004', '2025-09-01', 0, 0, 0, 0, 1, 4, 7, 6, 0, 3, 3),
(996, 38, 'Methatia Cahya, S.H', 'DS015', '2025-09-01', 0, 0, 0, 0, 0, 0, 0, 0, 0, 3, 3),
(997, 39, 'Muhamad Rizki', 'DS067', '2025-09-01', 0, 0, 0, 0, 10, 0, 2, 5, 0, 5, 5),
(998, 40, 'Nadya Ayu Permatasari, S.Sos', 'DS016', '2025-09-01', 0, 0, 2, 0, 0, 0, 3, 9, 1, 1, 1),
(999, 41, 'Nia Lestari, A.Md', 'DS007', '2025-09-01', 0, 0, 0, 1, 0, 0, 9, 2, 1, 1, 1),
(1000, 42, 'Nico Reynold Adiputro', 'DS012', '2025-09-01', 0, 0, 0, 1, 0, 0, 2, 14, 3, 3, 3),
(1001, 43, 'Niko Septian Hadi, S.Kom', 'DS040', '2025-09-01', 0, 0, 0, 0, 0, 0, 13, 0, 0, 0, 0),
(1002, 44, 'Novanta Nur Syabana', 'DS052', '2025-09-01', 0, 0, 0, 4, 0, 0, 1, 4, 10, 1, 1),
(1003, 45, 'Nurlaela, S.E', 'DS003', '2025-09-01', 0, 0, 1, 1, 0, 0, 6, 1, 0, 6, 6),
(1004, 46, 'Nurlia Oktaviani, S.M', 'DS057', '2025-09-01', 0, 0, 0, 3, 0, 0, 6, 4, 0, 3, 3),
(1005, 47, 'Pebri Perdana, S.AP', 'DS038', '2025-09-01', 0, 0, 0, 0, 0, 0, 6, 6, 1, 0, 0),
(1006, 48, 'R. Adhi Ilham Prayoga', 'DS045', '2025-09-01', 0, 0, 0, 5, 0, 0, 2, 3, 6, 5, 5),
(1007, 49, 'Rojali', 'DS079', '2025-09-01', 0, 0, 1, 0, 0, 0, 0, 0, 0, 0, 0),
(1008, 50, 'Santoso Setya Supriyanto, SP', 'DS072', '2025-09-01', 0, 0, 0, 0, 0, 0, 1, 2, 0, 19, 19),
(1009, 51, 'Sapto Wibowo, S.Sos', 'DS011', '2025-09-01', 0, 0, 0, 3, 0, 0, 0, 16, 4, 1, 1),
(1010, 52, 'Septilia Dindasari, S.M.', 'DS005', '2025-09-01', 0, 0, 0, 0, 3, 0, 11, 0, 0, 1, 1),
(1011, 53, 'Sugiatmi', 'DS084', '2025-09-01', 0, 0, 0, 1, 0, 0, 0, 0, 0, 22, 22),
(1012, 54, 'Tita Syafira Maulida', 'DS036', '2025-09-01', 0, 0, 0, 0, 0, 0, 1, 0, 0, 6, 6),
(1013, 55, 'Zalsabila Zanyca, S.M', 'DS019', '2025-09-01', 0, 4, 0, 0, 2, 6, 5, 1, 3, 0, 0),
(1014, 56, 'Anpal Iskalpa PutraA', 'DS030', '2025-09-01', 0, 0, 0, 0, 0, 0, 2, 5, 7, 5, 5),
(1015, 57, 'Hupron, S.Sos', 'DS027', '2025-09-01', 0, 0, 0, 0, 4, 0, 3, 1, 0, 2, 2),
(1016, 58, 'M. Edi Sudrajat', 'DS029', '2025-09-01', 0, 0, 0, 2, 0, 0, 7, 3, 1, 5, 5),
(1017, 59, 'Novel Noberi, S.Kom', 'DS033', '2025-09-01', 0, 0, 0, 2, 0, 0, 1, 3, 0, 6, 6),
(1018, 60, 'Nur. Anugrah Sanusi', 'DS026', '2025-09-01', 0, 0, 0, 4, 0, 0, 4, 3, 5, 4, 4),
(1019, 61, 'R.Pryeska Nusantara.KH, S.Pd', 'DS032', '2025-09-01', 0, 0, 0, 0, 0, 0, 1, 2, 0, 3, 3),
(1020, 62, 'Rahmat Perrianto, ST', 'DS023', '2025-09-01', 0, 0, 0, 2, 0, 0, 0, 1, 0, 16, 16),
(1021, 63, 'Saipulah, SH', 'DS024', '2025-09-01', 0, 0, 0, 2, 6, 0, 1, 3, 0, 8, 8),
(1022, 64, 'Solahudin', 'DS028', '2025-09-01', 0, 0, 0, 1, 0, 0, 4, 4, 2, 2, 2),
(1023, 65, 'Tubagus Iqbal Tawakal', 'DS025', '2025-09-01', 0, 0, 0, 0, 0, 0, 9, 1, 0, 2, 2),
(1024, 66, 'Siti Nurhasanah', 'DS088', '2025-09-01', 0, 0, 0, 0, 0, 0, 0, 0, 0, 0, 0),
(1025, 67, 'Ade Pandawa', 'DS051', '2025-09-01', 0, 0, 0, 0, 0, 0, 0, 0, 0, 0, 0),
(1026, 68, 'Herlila Dwi Wahyuni, Amd.Keb', 'DS048', '2025-09-01', 0, 0, 0, 0, 0, 0, 0, 0, 0, 0, 0),
(1027, 69, 'Ika Mediyanti, S.ST', 'DS046', '2025-09-01', 10, 0, 0, 0, 0, 0, 0, 0, 0, 0, 0),
(1028, 70, 'Korri Annisa, A.Md,Keb', 'DS049', '2025-09-01', 0, 0, 0, 0, 0, 0, 0, 0, 0, 0, 0),
(1029, 71, 'NS. Nouva Prana Putra, S.Kep', 'DS050', '2025-09-01', 0, 0, 0, 0, 0, 0, 0, 0, 0, 0, 0),
(1030, 72, 'Ahmad Tantowi', 'DS075', '2025-09-01', 0, 0, 0, 0, 0, 0, 0, 0, 0, 0, 0),
(1031, 73, 'Iwan Sutisna', 'DS076', '2025-09-01', 0, 0, 0, 0, 0, 0, 0, 0, 0, 0, 0),
(1032, 74, 'Suharlan', 'DS074', '2025-09-01', 0, 0, 0, 0, 0, 0, 0, 0, 0, 0, 0),
(1033, 75, 'Suhendi', 'DS077', '2025-09-01', 0, 0, 0, 0, 0, 0, 0, 0, 0, 0, 0),
(1034, 76, 'Aditya Firmansyah', 'DS08', '2025-09-01', 0, 0, 0, 0, 0, 0, 0, 0, 0, 0, 0),
(1035, 77, 'Bebo Karsono', 'DS0', '2025-09-01', 0, 0, 0, 0, 0, 0, 0, 0, 0, 0, 0),
(1036, 78, 'Dananjaya Satria Kusuma Atmaja', 'DS094', '2025-09-01', 0, 0, 0, 0, 0, 0, 0, 0, 0, 0, 0),
(1037, 79, 'Dian Iskandar', 'DS099', '2025-09-01', 0, 0, 0, 0, 0, 0, 0, 0, 0, 0, 0),
(1038, 80, 'Dzulfahmi', 'DS097', '2025-09-01', 0, 0, 0, 0, 0, 0, 0, 0, 0, 0, 0),
(1039, 81, 'Ninik Samini', 'DS092', '2025-09-01', 0, 0, 0, 0, 0, 0, 0, 0, 0, 0, 0),
(1040, 82, 'Roni Parulian S.', 'DS093', '2025-09-01', 0, 0, 0, 0, 0, 0, 0, 0, 0, 0, 0),
(1041, 83, 'Wahyuni', 'DS090', '2025-09-01', 0, 0, 0, 0, 0, 0, 0, 0, 0, 0, 0);

-- --------------------------------------------------------

--
-- Table structure for table `absensi_harian`
--

CREATE TABLE `absensi_harian` (
  `id` int(11) NOT NULL,
  `nama` varchar(100) NOT NULL,
  `nip` varchar(50) NOT NULL,
  `tanggal` date NOT NULL,
  `bulan` tinyint(2) DEFAULT NULL,
  `tahun` smallint(4) DEFAULT NULL,
  `jam_in` time DEFAULT NULL,
  `jam_out` time DEFAULT NULL,
  `keterangan` varchar(50) DEFAULT NULL,
  `hari` varchar(128) NOT NULL
) ENGINE=InnoDB DEFAULT CHARSET=utf8mb4 COLLATE=utf8mb4_general_ci;

--
-- Dumping data for table `absensi_harian`
--

INSERT INTO `absensi_harian` (`id`, `nama`, `nip`, `tanggal`, `bulan`, `tahun`, `jam_in`, `jam_out`, `keterangan`, `hari`) VALUES
(1, 'Adi  Mulyanto,', '1766153568', '2025-10-01', NULL, NULL, '08:47:00', '16:34:00', 'HADIR', 'Wednesday'),
(2, 'Adi  Mulyanto,', '1766153568', '2025-10-02', NULL, NULL, '07:43:00', '16:15:00', 'HADIR', 'Thursday'),
(3, 'Adi  Mulyanto,', '1766153568', '2025-10-03', NULL, NULL, '08:24:00', '16:41:00', 'HADIR', 'Friday'),
(4, 'Adi  Mulyanto,', '1766153568', '2025-10-06', NULL, NULL, '08:18:00', '16:18:00', 'HADIR', 'Monday'),
(5, 'Adi  Mulyanto,', '1766153568', '2025-10-07', NULL, NULL, '08:14:00', '16:31:00', 'HADIR', 'Tuesday'),
(6, 'Adi  Mulyanto,', '1766153568', '2025-10-08', NULL, NULL, '08:27:00', '16:16:00', 'HADIR', 'Wednesday'),
(7, 'Adi  Mulyanto,', '1766153568', '2025-10-09', NULL, NULL, '07:57:00', '16:20:00', 'HADIR', 'Thursday'),
(8, 'Adi  Mulyanto,', '1766153568', '2025-10-10', NULL, NULL, '08:12:00', '16:36:00', 'HADIR', 'Friday'),
(9, 'Adi  Mulyanto,', '1766153568', '2025-10-13', NULL, NULL, '07:46:00', '16:21:00', 'HADIR', 'Monday'),
(10, 'Adi  Mulyanto,', '1766153568', '2025-10-14', NULL, NULL, '08:14:00', '16:38:00', 'HADIR', 'Tuesday'),
(11, 'Adi  Mulyanto,', '1766153568', '2025-10-15', NULL, NULL, '08:08:00', '16:29:00', 'HADIR', 'Wednesday'),
(12, 'Adi  Mulyanto,', '1766153568', '2025-10-16', NULL, NULL, '07:37:00', '16:33:00', 'HADIR', 'Thursday'),
(13, 'Adi  Mulyanto,', '1766153568', '2025-10-17', NULL, NULL, '08:00:00', '16:35:00', 'HADIR', 'Friday'),
(14, 'Adi  Mulyanto,', '1766153568', '2025-10-20', NULL, NULL, '07:24:00', '16:11:00', 'HADIR', 'Monday'),
(15, 'Adi  Mulyanto,', '1766153568', '2025-10-21', NULL, NULL, '08:21:00', '16:05:00', 'HADIR', 'Tuesday'),
(16, 'Adi  Mulyanto,', '1766153568', '2025-10-22', NULL, NULL, '08:27:00', '16:18:00', 'HADIR', 'Wednesday'),
(17, 'Adi  Mulyanto,', '1766153568', '2025-10-23', NULL, NULL, '09:00:00', '16:14:00', 'HADIR', 'Thursday'),
(18, 'Adi  Mulyanto,', '1766153568', '2025-10-24', NULL, NULL, '08:20:00', '16:34:00', 'HADIR', 'Friday'),
(19, 'Adi  Mulyanto,', '1766153568', '2025-10-27', NULL, NULL, '08:22:00', '16:08:00', 'HADIR', 'Monday'),
(20, 'Adi  Mulyanto,', '1766153568', '2025-10-28', NULL, NULL, '08:26:00', '16:14:00', 'HADIR', 'Tuesday'),
(21, 'Adi  Mulyanto,', '1766153568', '2025-10-29', NULL, NULL, '07:56:00', '16:22:00', 'HADIR', 'Wednesday'),
(22, 'Adi  Mulyanto,', '1766153568', '2025-10-30', NULL, NULL, '08:33:00', '16:00:00', 'HADIR', 'Thursday'),
(23, 'Adi  Mulyanto,', '1766153568', '2025-10-31', NULL, NULL, '09:31:00', '19:00:00', 'HADIR', 'Friday'),
(24, 'Sapto Wibowo, S', '1766153569', '2025-10-01', NULL, NULL, '08:18:00', '17:45:00', 'HADIR', 'Wednesday'),
(25, 'Sapto Wibowo, S', '1766153569', '2025-10-02', NULL, NULL, '08:11:00', '16:26:00', 'HADIR', 'Thursday'),
(26, 'Sapto Wibowo, S', '1766153569', '2025-10-03', NULL, NULL, '08:29:00', NULL, 'HADIR', 'Friday'),
(27, 'Sapto Wibowo, S', '1766153569', '2025-10-06', NULL, NULL, '09:10:00', '16:14:00', 'HADIR', 'Monday'),
(28, 'Sapto Wibowo, S', '1766153569', '2025-10-07', NULL, NULL, '09:02:00', '16:58:00', 'HADIR', 'Tuesday'),
(29, 'Sapto Wibowo, S', '1766153569', '2025-10-08', NULL, NULL, '09:55:00', '16:03:00', 'HADIR', 'Wednesday'),
(30, 'Sapto Wibowo, S', '1766153569', '2025-10-13', NULL, NULL, '08:27:00', '16:26:00', 'HADIR', 'Monday'),
(31, 'Sapto Wibowo, S', '1766153569', '2025-10-14', NULL, NULL, '08:35:00', '17:29:00', 'HADIR', 'Tuesday'),
(32, 'Sapto Wibowo, S', '1766153569', '2025-10-15', NULL, NULL, '10:13:00', '16:05:00', 'HADIR', 'Wednesday'),
(33, 'Sapto Wibowo, S', '1766153569', '2025-10-16', NULL, NULL, '08:32:00', '16:54:00', 'HADIR', 'Thursday'),
(34, 'Sapto Wibowo, S', '1766153569', '2025-10-17', NULL, NULL, '10:30:00', '16:27:00', 'HADIR', 'Friday'),
(35, 'Sapto Wibowo, S', '1766153569', '2025-10-20', NULL, NULL, '08:25:00', '16:35:00', 'HADIR', 'Monday'),
(36, 'Sapto Wibowo, S', '1766153569', '2025-10-21', NULL, NULL, '08:40:00', '16:11:00', 'HADIR', 'Tuesday'),
(37, 'Sapto Wibowo, S', '1766153569', '2025-10-23', NULL, NULL, '08:43:00', '16:28:00', 'HADIR', 'Thursday'),
(38, 'Sapto Wibowo, S', '1766153569', '2025-10-24', NULL, NULL, '08:43:00', '16:27:00', 'HADIR', 'Friday'),
(39, 'Sapto Wibowo, S', '1766153569', '2025-10-27', NULL, NULL, '10:38:00', '16:04:00', 'HADIR', 'Monday'),
(40, 'Sapto Wibowo, S', '1766153569', '2025-10-28', NULL, NULL, '09:28:00', '16:45:00', 'HADIR', 'Tuesday'),
(41, 'Sapto Wibowo, S', '1766153569', '2025-10-29', NULL, NULL, '10:12:00', '18:24:00', 'HADIR', 'Wednesday'),
(42, 'Sapto Wibowo, S', '1766153569', '2025-10-30', NULL, NULL, '10:15:00', '16:25:00', 'HADIR', 'Thursday'),
(43, 'Sapto Wibowo, S', '1766153569', '2025-10-31', NULL, NULL, '10:07:00', '16:40:00', 'HADIR', 'Friday'),
(44, 'Nico Reynold Ad', '1766153570', '2025-10-01', NULL, NULL, '08:05:00', '19:04:00', 'HADIR', 'Wednesday'),
(45, 'Nico Reynold Ad', '1766153570', '2025-10-02', NULL, NULL, '08:16:00', '16:36:00', 'HADIR', 'Thursday'),
(46, 'Nico Reynold Ad', '1766153570', '2025-10-03', NULL, NULL, '08:27:00', '16:50:00', 'HADIR', 'Friday'),
(47, 'Nico Reynold Ad', '1766153570', '2025-10-06', NULL, NULL, '08:35:00', '17:38:00', 'HADIR', 'Monday'),
(48, 'Nico Reynold Ad', '1766153570', '2025-10-07', NULL, NULL, '08:53:00', '17:24:00', 'HADIR', 'Tuesday'),
(49, 'Nico Reynold Ad', '1766153570', '2025-10-08', NULL, NULL, '08:32:00', '19:32:00', 'HADIR', 'Wednesday'),
(50, 'Nico Reynold Ad', '1766153570', '2025-10-09', NULL, NULL, '08:27:00', '17:59:00', 'HADIR', 'Thursday'),
(51, 'Nico Reynold Ad', '1766153570', '2025-10-10', NULL, NULL, '08:36:00', '16:30:00', 'HADIR', 'Friday'),
(52, 'Nico Reynold Ad', '1766153570', '2025-10-15', NULL, NULL, '09:12:00', '17:02:00', 'HADIR', 'Wednesday'),
(53, 'Nico Reynold Ad', '1766153570', '2025-10-16', NULL, NULL, '09:07:00', '16:00:00', 'HADIR', 'Thursday'),
(54, 'Nico Reynold Ad', '1766153570', '2025-10-17', NULL, NULL, '08:20:00', '16:30:00', 'HADIR', 'Friday'),
(55, 'Nico Reynold Ad', '1766153570', '2025-10-20', NULL, NULL, '07:48:00', '19:09:00', 'HADIR', 'Monday'),
(56, 'Nico Reynold Ad', '1766153570', '2025-10-21', NULL, NULL, '09:01:00', '16:32:00', 'HADIR', 'Tuesday'),
(57, 'Nico Reynold Ad', '1766153570', '2025-10-22', NULL, NULL, '08:29:00', '18:27:00', 'HADIR', 'Wednesday'),
(58, 'Nico Reynold Ad', '1766153570', '2025-10-23', NULL, NULL, '08:26:00', '17:05:00', 'HADIR', 'Thursday'),
(59, 'Nico Reynold Ad', '1766153570', '2025-10-24', NULL, NULL, '09:44:00', '18:24:00', 'HADIR', 'Friday'),
(60, 'Nico Reynold Ad', '1766153570', '2025-10-27', NULL, NULL, '07:59:00', '18:04:00', 'HADIR', 'Monday'),
(61, 'Nico Reynold Ad', '1766153570', '2025-10-28', NULL, NULL, '08:35:00', '17:20:00', 'HADIR', 'Tuesday'),
(62, 'Nico Reynold Ad', '1766153570', '2025-10-29', NULL, NULL, '08:44:00', '18:19:00', 'HADIR', 'Wednesday'),
(63, 'Nico Reynold Ad', '1766153570', '2025-10-30', NULL, NULL, '08:56:00', '16:53:00', 'HADIR', 'Thursday'),
(64, 'Nico Reynold Ad', '1766153570', '2025-10-31', NULL, NULL, '08:33:00', '17:39:00', 'HADIR', 'Friday'),
(65, 'Leo Wahyudi, S.', '1766153571', '2025-10-01', NULL, NULL, '07:30:00', '17:52:00', 'HADIR', 'Wednesday'),
(66, 'Leo Wahyudi, S.', '1766153571', '2025-10-02', NULL, NULL, '07:45:00', '16:33:00', 'HADIR', 'Thursday'),
(67, 'Leo Wahyudi, S.', '1766153571', '2025-10-03', NULL, NULL, '07:17:00', '16:45:00', 'HADIR', 'Friday'),
(68, 'Leo Wahyudi, S.', '1766153571', '2025-10-06', NULL, NULL, '07:22:00', '18:12:00', 'HADIR', 'Monday'),
(69, 'Leo Wahyudi, S.', '1766153571', '2025-10-07', NULL, NULL, '07:24:00', '17:03:00', 'HADIR', 'Tuesday'),
(70, 'Leo Wahyudi, S.', '1766153571', '2025-10-08', NULL, NULL, '07:20:00', '16:06:00', 'HADIR', 'Wednesday'),
(71, 'Leo Wahyudi, S.', '1766153571', '2025-10-09', NULL, NULL, '07:42:00', '16:24:00', 'HADIR', 'Thursday'),
(72, 'Leo Wahyudi, S.', '1766153571', '2025-10-10', NULL, NULL, '07:36:00', '16:34:00', 'HADIR', 'Friday'),
(73, 'Leo Wahyudi, S.', '1766153571', '2025-10-13', NULL, NULL, '07:23:00', '16:06:00', 'HADIR', 'Monday'),
(74, 'Leo Wahyudi, S.', '1766153571', '2025-10-14', NULL, NULL, '07:38:00', '16:54:00', 'HADIR', 'Tuesday'),
(75, 'Leo Wahyudi, S.', '1766153571', '2025-10-15', NULL, NULL, '07:34:00', '16:13:00', 'HADIR', 'Wednesday'),
(76, 'Leo Wahyudi, S.', '1766153571', '2025-10-16', NULL, NULL, '07:42:00', '16:06:00', 'HADIR', 'Thursday'),
(77, 'Leo Wahyudi, S.', '1766153571', '2025-10-17', NULL, NULL, '07:34:00', '16:56:00', 'HADIR', 'Friday'),
(78, 'Leo Wahyudi, S.', '1766153571', '2025-10-20', NULL, NULL, '07:40:00', '16:10:00', 'HADIR', 'Monday'),
(79, 'Leo Wahyudi, S.', '1766153571', '2025-10-21', NULL, NULL, '07:33:00', '16:11:00', 'HADIR', 'Tuesday'),
(80, 'Leo Wahyudi, S.', '1766153571', '2025-10-22', NULL, NULL, '07:42:00', '16:30:00', 'HADIR', 'Wednesday'),
(81, 'Leo Wahyudi, S.', '1766153571', '2025-10-23', NULL, NULL, '09:24:00', '16:06:00', 'HADIR', 'Thursday'),
(82, 'Leo Wahyudi, S.', '1766153571', '2025-10-24', NULL, NULL, '16:47:00', NULL, 'HADIR', 'Friday'),
(83, 'Leo Wahyudi, S.', '1766153571', '2025-10-27', NULL, NULL, '08:00:00', '16:30:00', 'HADIR', 'Monday'),
(84, 'Leo Wahyudi, S.', '1766153571', '2025-10-28', NULL, NULL, '07:43:00', '17:25:00', 'HADIR', 'Tuesday'),
(85, 'Leo Wahyudi, S.', '1766153571', '2025-10-29', NULL, NULL, '07:12:00', NULL, 'HADIR', 'Wednesday'),
(86, 'Leo Wahyudi, S.', '1766153571', '2025-10-30', NULL, NULL, '07:24:00', '16:24:00', 'HADIR', 'Thursday'),
(87, 'Leo Wahyudi, S.', '1766153571', '2025-10-31', NULL, NULL, '07:41:00', '16:59:00', 'HADIR', 'Friday'),
(88, 'dhika fajri', '1766153572', '2025-10-16', NULL, NULL, '08:27:00', '17:24:00', 'HADIR', 'Thursday'),
(89, 'dhika fajri', '1766153572', '2025-10-17', NULL, NULL, '08:04:00', '16:51:00', 'HADIR', 'Friday'),
(90, 'dhika fajri', '1766153572', '2025-10-20', NULL, NULL, '06:40:00', '17:59:00', 'HADIR', 'Monday'),
(91, 'dhika fajri', '1766153572', '2025-10-21', NULL, NULL, '08:08:00', '16:39:00', 'HADIR', 'Tuesday'),
(92, 'dhika fajri', '1766153572', '2025-10-22', NULL, NULL, '07:35:00', NULL, 'HADIR', 'Wednesday'),
(93, 'dhika fajri', '1766153572', '2025-10-23', NULL, NULL, '08:09:00', '16:18:00', 'HADIR', 'Thursday'),
(94, 'dhika fajri', '1766153572', '2025-10-24', NULL, NULL, '07:08:00', '18:40:00', 'HADIR', 'Friday'),
(95, 'dhika fajri', '1766153572', '2025-10-27', NULL, NULL, '07:07:00', '16:02:00', 'HADIR', 'Monday'),
(96, 'dhika fajri', '1766153572', '2025-10-29', NULL, NULL, '07:24:00', '17:11:00', 'HADIR', 'Wednesday'),
(97, 'dhika fajri', '1766153572', '2025-10-30', NULL, NULL, '08:56:00', NULL, 'HADIR', 'Thursday'),
(98, 'dhika fajri', '1766153572', '2025-10-31', NULL, NULL, '08:18:00', '18:31:00', 'HADIR', 'Friday'),
(99, 'Methatia Cahya,', '1766153573', '2025-10-01', NULL, NULL, '07:10:00', '18:11:00', 'HADIR', 'Wednesday'),
(100, 'Methatia Cahya,', '1766153573', '2025-10-02', NULL, NULL, '07:15:00', '16:57:00', 'HADIR', 'Thursday'),
(101, 'Methatia Cahya,', '1766153573', '2025-10-03', NULL, NULL, '07:17:00', '16:42:00', 'HADIR', 'Friday'),
(102, 'Methatia Cahya,', '1766153573', '2025-10-06', NULL, NULL, '06:55:00', '16:02:00', 'HADIR', 'Monday'),
(103, 'Methatia Cahya,', '1766153573', '2025-10-07', NULL, NULL, '07:05:00', '16:07:00', 'HADIR', 'Tuesday'),
(104, 'Methatia Cahya,', '1766153573', '2025-10-08', NULL, NULL, '07:18:00', '16:26:00', 'HADIR', 'Wednesday'),
(105, 'Methatia Cahya,', '1766153573', '2025-10-09', NULL, NULL, '07:02:00', '16:14:00', 'HADIR', 'Thursday'),
(106, 'Methatia Cahya,', '1766153573', '2025-10-10', NULL, NULL, '07:02:00', '16:34:00', 'HADIR', 'Friday'),
(107, 'Methatia Cahya,', '1766153573', '2025-10-13', NULL, NULL, '07:02:00', '16:17:00', 'HADIR', 'Monday'),
(108, 'Methatia Cahya,', '1766153573', '2025-10-14', NULL, NULL, '07:02:00', '16:27:00', 'HADIR', 'Tuesday'),
(109, 'Methatia Cahya,', '1766153573', '2025-10-15', NULL, NULL, '07:02:00', '16:06:00', 'HADIR', 'Wednesday'),
(110, 'Methatia Cahya,', '1766153573', '2025-10-16', NULL, NULL, '07:08:00', '16:19:00', 'HADIR', 'Thursday'),
(111, 'Methatia Cahya,', '1766153573', '2025-10-17', NULL, NULL, '07:11:00', '16:35:00', 'HADIR', 'Friday'),
(112, 'Methatia Cahya,', '1766153573', '2025-10-20', NULL, NULL, '07:04:00', '16:34:00', 'HADIR', 'Monday'),
(113, 'Methatia Cahya,', '1766153573', '2025-10-21', NULL, NULL, '07:06:00', '16:10:00', 'HADIR', 'Tuesday'),
(114, 'Methatia Cahya,', '1766153573', '2025-10-22', NULL, NULL, '07:03:00', '18:24:00', 'HADIR', 'Wednesday'),
(115, 'Methatia Cahya,', '1766153573', '2025-10-23', NULL, NULL, '07:18:00', '16:04:00', 'HADIR', 'Thursday'),
(116, 'Methatia Cahya,', '1766153573', '2025-10-24', NULL, NULL, '06:48:00', '16:37:00', 'HADIR', 'Friday'),
(117, 'Methatia Cahya,', '1766153573', '2025-10-27', NULL, NULL, '07:01:00', '16:04:00', 'HADIR', 'Monday'),
(118, 'Methatia Cahya,', '1766153573', '2025-10-28', NULL, NULL, '06:59:00', NULL, 'HADIR', 'Tuesday'),
(119, 'Methatia Cahya,', '1766153573', '2025-10-29', NULL, NULL, '07:07:00', '18:09:00', 'HADIR', 'Wednesday'),
(120, 'Methatia Cahya,', '1766153573', '2025-10-30', NULL, NULL, '07:11:00', '16:27:00', 'HADIR', 'Thursday'),
(121, 'Methatia Cahya,', '1766153573', '2025-10-31', NULL, NULL, '07:13:00', '18:22:00', 'HADIR', 'Friday'),
(122, 'Nadya Ayu Perma', '1766153574', '2025-10-01', NULL, NULL, '10:10:00', '17:09:00', 'HADIR', 'Wednesday'),
(123, 'Nadya Ayu Perma', '1766153574', '2025-10-07', NULL, NULL, '20:49:00', NULL, 'HADIR', 'Tuesday'),
(124, 'Nadya Ayu Perma', '1766153574', '2025-10-13', NULL, NULL, '07:02:00', '17:37:00', 'HADIR', 'Monday'),
(125, 'Nadya Ayu Perma', '1766153574', '2025-10-14', NULL, NULL, '08:42:00', '17:17:00', 'HADIR', 'Tuesday'),
(126, 'Nadya Ayu Perma', '1766153574', '2025-10-15', NULL, NULL, '08:17:00', '16:55:00', 'HADIR', 'Wednesday'),
(127, 'Nadya Ayu Perma', '1766153574', '2025-10-16', NULL, NULL, '09:06:00', '16:14:00', 'HADIR', 'Thursday'),
(128, 'Nadya Ayu Perma', '1766153574', '2025-10-17', NULL, NULL, '08:15:00', '16:44:00', 'HADIR', 'Friday'),
(129, 'Nadya Ayu Perma', '1766153574', '2025-10-20', NULL, NULL, '06:51:00', '16:28:00', 'HADIR', 'Monday'),
(130, 'Nadya Ayu Perma', '1766153574', '2025-10-21', NULL, NULL, '08:30:00', '16:32:00', 'HADIR', 'Tuesday'),
(131, 'Nadya Ayu Perma', '1766153574', '2025-10-22', NULL, NULL, '08:26:00', '16:19:00', 'HADIR', 'Wednesday'),
(132, 'Nadya Ayu Perma', '1766153574', '2025-10-23', NULL, NULL, '16:14:00', NULL, 'HADIR', 'Thursday'),
(133, 'Nadya Ayu Perma', '1766153574', '2025-10-24', NULL, NULL, '07:17:00', '16:50:00', 'HADIR', 'Friday'),
(134, 'Nadya Ayu Perma', '1766153574', '2025-10-27', NULL, NULL, '07:01:00', '16:11:00', 'HADIR', 'Monday'),
(135, 'Nadya Ayu Perma', '1766153574', '2025-10-28', NULL, NULL, '16:44:00', NULL, 'HADIR', 'Tuesday'),
(136, 'Nadya Ayu Perma', '1766153574', '2025-10-29', NULL, NULL, '07:38:00', '16:45:00', 'HADIR', 'Wednesday'),
(137, 'Nadya Ayu Perma', '1766153574', '2025-10-30', NULL, NULL, '09:06:00', NULL, 'HADIR', 'Thursday'),
(138, 'Nadya Ayu Perma', '1766153574', '2025-10-31', NULL, NULL, '09:18:00', '17:30:00', 'HADIR', 'Friday'),
(139, 'Anggriyani Daul', '1766153575', '2025-10-01', NULL, NULL, '07:43:00', '19:07:00', 'HADIR', 'Wednesday'),
(140, 'Anggriyani Daul', '1766153575', '2025-10-02', NULL, NULL, '07:50:00', '17:24:00', 'HADIR', 'Thursday'),
(141, 'Anggriyani Daul', '1766153575', '2025-10-03', NULL, NULL, '07:31:00', '19:35:00', 'HADIR', 'Friday'),
(142, 'Anggriyani Daul', '1766153575', '2025-10-06', NULL, NULL, '07:14:00', '18:02:00', 'HADIR', 'Monday'),
(143, 'Anggriyani Daul', '1766153575', '2025-10-07', NULL, NULL, '07:42:00', '20:00:00', 'HADIR', 'Tuesday'),
(144, 'Anggriyani Daul', '1766153575', '2025-10-08', NULL, NULL, '07:38:00', '16:05:00', 'HADIR', 'Wednesday'),
(145, 'Anggriyani Daul', '1766153575', '2025-10-09', NULL, NULL, '07:32:00', '17:17:00', 'HADIR', 'Thursday'),
(146, 'Anggriyani Daul', '1766153575', '2025-10-10', NULL, NULL, '07:24:00', '18:30:00', 'HADIR', 'Friday'),
(147, 'Anggriyani Daul', '1766153575', '2025-10-13', NULL, NULL, '07:14:00', '19:12:00', 'HADIR', 'Monday'),
(148, 'Anggriyani Daul', '1766153575', '2025-10-14', NULL, NULL, '07:47:00', '16:43:00', 'HADIR', 'Tuesday'),
(149, 'Anggriyani Daul', '1766153575', '2025-10-15', NULL, NULL, '07:31:00', '16:47:00', 'HADIR', 'Wednesday'),
(150, 'Anggriyani Daul', '1766153575', '2025-10-16', NULL, NULL, '07:48:00', '18:45:00', 'HADIR', 'Thursday'),
(151, 'Anggriyani Daul', '1766153575', '2025-10-20', NULL, NULL, '07:17:00', NULL, 'HADIR', 'Monday'),
(152, 'Anggriyani Daul', '1766153575', '2025-10-21', NULL, NULL, '07:35:00', NULL, 'HADIR', 'Tuesday'),
(153, 'Anggriyani Daul', '1766153575', '2025-10-24', NULL, NULL, '07:37:00', '18:41:00', 'HADIR', 'Friday'),
(154, 'Anggriyani Daul', '1766153575', '2025-10-27', NULL, NULL, '07:22:00', '18:37:00', 'HADIR', 'Monday'),
(155, 'Anggriyani Daul', '1766153575', '2025-10-28', NULL, NULL, '07:52:00', '16:51:00', 'HADIR', 'Tuesday'),
(156, 'Anggriyani Daul', '1766153575', '2025-10-29', NULL, NULL, '07:40:00', '16:58:00', 'HADIR', 'Wednesday'),
(157, 'Anggriyani Daul', '1766153575', '2025-10-30', NULL, NULL, '07:48:00', '18:41:00', 'HADIR', 'Thursday'),
(158, 'Anggriyani Daul', '1766153575', '2025-10-31', NULL, NULL, '07:38:00', '18:43:00', 'HADIR', 'Friday'),
(159, 'Ahmad Kandiaz,', '1766153578', '2025-10-09', NULL, NULL, '16:23:00', '19:28:00', 'HADIR', 'Thursday'),
(160, 'Ahmad Kandiaz,', '1766153578', '2025-10-16', NULL, NULL, '09:08:00', NULL, 'HADIR', 'Thursday'),
(161, 'Ahmad Kandiaz,', '1766153578', '2025-10-17', NULL, NULL, '14:16:00', NULL, 'HADIR', 'Friday'),
(162, 'Ari Widiastuti,', '1766153579', '2025-10-01', NULL, NULL, '07:47:00', '19:10:00', 'HADIR', 'Wednesday'),
(163, 'Ari Widiastuti,', '1766153579', '2025-10-02', NULL, NULL, '07:37:00', '16:15:00', 'HADIR', 'Thursday'),
(164, 'Ari Widiastuti,', '1766153579', '2025-10-03', NULL, NULL, '07:39:00', '16:42:00', 'HADIR', 'Friday'),
(165, 'Ari Widiastuti,', '1766153579', '2025-10-06', NULL, NULL, '07:17:00', NULL, 'HADIR', 'Monday'),
(166, 'Ari Widiastuti,', '1766153579', '2025-10-07', NULL, NULL, '07:57:00', '19:59:00', 'HADIR', 'Tuesday'),
(167, 'Ari Widiastuti,', '1766153579', '2025-10-08', NULL, NULL, '07:42:00', '18:57:00', 'HADIR', 'Wednesday'),
(168, 'Ari Widiastuti,', '1766153579', '2025-10-09', NULL, NULL, '07:51:00', '16:09:00', 'HADIR', 'Thursday'),
(169, 'Ari Widiastuti,', '1766153579', '2025-10-10', NULL, NULL, '08:07:00', '16:30:00', 'HADIR', 'Friday'),
(170, 'Ari Widiastuti,', '1766153579', '2025-10-13', NULL, NULL, '07:18:00', '19:10:00', 'HADIR', 'Monday'),
(171, 'Ari Widiastuti,', '1766153579', '2025-10-14', NULL, NULL, '07:30:00', NULL, 'HADIR', 'Tuesday'),
(172, 'Ari Widiastuti,', '1766153579', '2025-10-15', NULL, NULL, '07:44:00', '16:09:00', 'HADIR', 'Wednesday'),
(173, 'Ari Widiastuti,', '1766153579', '2025-10-16', NULL, NULL, '08:01:00', '16:01:00', 'HADIR', 'Thursday'),
(174, 'Ari Widiastuti,', '1766153579', '2025-10-17', NULL, NULL, '07:56:00', '16:33:00', 'HADIR', 'Friday'),
(175, 'Ari Widiastuti,', '1766153579', '2025-10-20', NULL, NULL, '07:16:00', '18:53:00', 'HADIR', 'Monday'),
(176, 'Ari Widiastuti,', '1766153579', '2025-10-21', NULL, NULL, '07:46:00', '20:04:00', 'HADIR', 'Tuesday'),
(177, 'Ari Widiastuti,', '1766153579', '2025-10-22', NULL, NULL, '08:02:00', '20:05:00', 'HADIR', 'Wednesday'),
(178, 'Ari Widiastuti,', '1766153579', '2025-10-23', NULL, NULL, '16:00:00', NULL, 'HADIR', 'Thursday'),
(179, 'Ari Widiastuti,', '1766153579', '2025-10-24', NULL, NULL, '08:11:00', '16:32:00', 'HADIR', 'Friday'),
(180, 'Ari Widiastuti,', '1766153579', '2025-10-27', NULL, NULL, '07:16:00', '16:07:00', 'HADIR', 'Monday'),
(181, 'Ari Widiastuti,', '1766153579', '2025-10-28', NULL, NULL, '07:46:00', '18:56:00', 'HADIR', 'Tuesday'),
(182, 'Ari Widiastuti,', '1766153579', '2025-10-29', NULL, NULL, '07:33:00', '17:20:00', 'HADIR', 'Wednesday'),
(183, 'Ari Widiastuti,', '1766153579', '2025-10-30', NULL, NULL, '08:00:00', '18:13:00', 'HADIR', 'Thursday'),
(184, 'Ari Widiastuti,', '1766153579', '2025-10-31', NULL, NULL, '08:32:00', '18:31:00', 'HADIR', 'Friday'),
(185, 'Iis Afriyanti,', '1766153581', '2025-10-01', NULL, NULL, '08:07:00', '18:02:00', 'HADIR', 'Wednesday'),
(186, 'Iis Afriyanti,', '1766153581', '2025-10-02', NULL, NULL, '07:46:00', '16:22:00', 'HADIR', 'Thursday'),
(187, 'Iis Afriyanti,', '1766153581', '2025-10-03', NULL, NULL, '07:25:00', '16:45:00', 'HADIR', 'Friday'),
(188, 'Iis Afriyanti,', '1766153581', '2025-10-06', NULL, NULL, '07:21:00', '18:22:00', 'HADIR', 'Monday'),
(189, 'Iis Afriyanti,', '1766153581', '2025-10-07', NULL, NULL, '07:48:00', '16:28:00', 'HADIR', 'Tuesday'),
(190, 'Iis Afriyanti,', '1766153581', '2025-10-08', NULL, NULL, '07:52:00', '16:09:00', 'HADIR', 'Wednesday'),
(191, 'Iis Afriyanti,', '1766153581', '2025-10-09', NULL, NULL, '07:48:00', NULL, 'HADIR', 'Thursday'),
(192, 'Iis Afriyanti,', '1766153581', '2025-10-10', NULL, NULL, '17:01:00', NULL, 'HADIR', 'Friday'),
(193, 'Iis Afriyanti,', '1766153581', '2025-10-13', NULL, NULL, '07:30:00', '16:26:00', 'HADIR', 'Monday'),
(194, 'Iis Afriyanti,', '1766153581', '2025-10-14', NULL, NULL, '07:58:00', '16:25:00', 'HADIR', 'Tuesday'),
(195, 'Iis Afriyanti,', '1766153581', '2025-10-16', NULL, NULL, '08:09:00', '16:44:00', 'HADIR', 'Thursday'),
(196, 'Iis Afriyanti,', '1766153581', '2025-10-17', NULL, NULL, '08:18:00', '17:11:00', 'HADIR', 'Friday'),
(197, 'Iis Afriyanti,', '1766153581', '2025-10-20', NULL, NULL, '07:14:00', NULL, 'HADIR', 'Monday'),
(198, 'Iis Afriyanti,', '1766153581', '2025-10-21', NULL, NULL, '07:45:00', '20:05:00', 'HADIR', 'Tuesday'),
(199, 'Iis Afriyanti,', '1766153581', '2025-10-22', NULL, NULL, '08:21:00', '20:05:00', 'HADIR', 'Wednesday'),
(200, 'Iis Afriyanti,', '1766153581', '2025-10-23', NULL, NULL, '09:22:00', '20:05:00', 'HADIR', 'Thursday'),
(201, 'Iis Afriyanti,', '1766153581', '2025-10-24', NULL, NULL, '13:43:00', '16:51:00', 'HADIR', 'Friday'),
(202, 'Iis Afriyanti,', '1766153581', '2025-10-27', NULL, NULL, '08:08:00', '17:31:00', 'HADIR', 'Monday'),
(203, 'Iis Afriyanti,', '1766153581', '2025-10-28', NULL, NULL, '07:25:00', '20:16:00', 'HADIR', 'Tuesday'),
(204, 'Iis Afriyanti,', '1766153581', '2025-10-29', NULL, NULL, '07:40:00', NULL, 'HADIR', 'Wednesday'),
(205, 'Rahmat Perriant', '1766153582', '2025-10-01', NULL, NULL, '02:49:00', NULL, 'HADIR', 'Wednesday'),
(206, 'Rahmat Perriant', '1766153582', '2025-10-02', NULL, NULL, '01:13:00', '19:34:00', 'HADIR', 'Thursday'),
(207, 'Rahmat Perriant', '1766153582', '2025-10-03', NULL, NULL, '06:10:00', NULL, 'HADIR', 'Friday'),
(208, 'Rahmat Perriant', '1766153582', '2025-10-06', NULL, NULL, '07:21:00', '16:49:00', 'HADIR', 'Monday'),
(209, 'Rahmat Perriant', '1766153582', '2025-10-07', NULL, NULL, '06:25:00', '16:15:00', 'HADIR', 'Tuesday'),
(210, 'Rahmat Perriant', '1766153582', '2025-10-08', NULL, NULL, '06:47:00', '16:40:00', 'HADIR', 'Wednesday'),
(211, 'Rahmat Perriant', '1766153582', '2025-10-09', NULL, NULL, '06:21:00', '16:13:00', 'HADIR', 'Thursday'),
(212, 'Rahmat Perriant', '1766153582', '2025-10-10', NULL, NULL, '06:12:00', '19:28:00', 'HADIR', 'Friday'),
(213, 'Rahmat Perriant', '1766153582', '2025-10-13', NULL, NULL, '02:11:00', '16:06:00', 'HADIR', 'Monday'),
(214, 'Rahmat Perriant', '1766153582', '2025-10-14', NULL, NULL, '05:01:00', '16:53:00', 'HADIR', 'Tuesday'),
(215, 'Rahmat Perriant', '1766153582', '2025-10-16', NULL, NULL, '05:25:00', NULL, 'HADIR', 'Thursday'),
(216, 'Rahmat Perriant', '1766153582', '2025-10-17', NULL, NULL, '03:07:00', NULL, 'HADIR', 'Friday'),
(217, 'Rahmat Perriant', '1766153582', '2025-10-20', NULL, NULL, '03:03:00', '17:55:00', 'HADIR', 'Monday'),
(218, 'Rahmat Perriant', '1766153582', '2025-10-21', NULL, NULL, '04:17:00', NULL, 'HADIR', 'Tuesday'),
(219, 'Rahmat Perriant', '1766153582', '2025-10-22', NULL, NULL, '06:07:00', '16:36:00', 'HADIR', 'Wednesday'),
(220, 'Rahmat Perriant', '1766153582', '2025-10-23', NULL, NULL, '05:06:00', '16:05:00', 'HADIR', 'Thursday'),
(221, 'Rahmat Perriant', '1766153582', '2025-10-24', NULL, NULL, '05:50:00', '22:08:00', 'HADIR', 'Friday'),
(222, 'Rahmat Perriant', '1766153582', '2025-10-27', NULL, NULL, '04:02:00', '15:59:00', 'HADIR', 'Monday'),
(223, 'Rahmat Perriant', '1766153582', '2025-10-28', NULL, NULL, '05:21:00', '17:35:00', 'HADIR', 'Tuesday'),
(224, 'Rahmat Perriant', '1766153582', '2025-10-29', NULL, NULL, '05:29:00', '16:43:00', 'HADIR', 'Wednesday'),
(225, 'Rahmat Perriant', '1766153582', '2025-10-30', NULL, NULL, '04:25:00', '19:37:00', 'HADIR', 'Thursday'),
(226, 'Rahmat Perriant', '1766153582', '2025-10-31', NULL, NULL, '06:02:00', '16:28:00', 'HADIR', 'Friday'),
(227, 'Saipulah, S.H', '1766153583', '2025-10-01', NULL, NULL, '10:00:00', '16:52:00', 'HADIR', 'Wednesday'),
(228, 'Saipulah, S.H', '1766153583', '2025-10-02', NULL, NULL, '09:02:00', NULL, 'HADIR', 'Thursday'),
(229, 'Saipulah, S.H', '1766153583', '2025-10-03', NULL, NULL, '09:39:00', NULL, 'HADIR', 'Friday'),
(230, 'Saipulah, S.H', '1766153583', '2025-10-06', NULL, NULL, '17:06:00', NULL, 'HADIR', 'Monday'),
(231, 'Saipulah, S.H', '1766153583', '2025-10-07', NULL, NULL, '10:24:00', '19:46:00', 'HADIR', 'Tuesday'),
(232, 'Saipulah, S.H', '1766153583', '2025-10-08', NULL, NULL, '09:44:00', NULL, 'HADIR', 'Wednesday'),
(233, 'Saipulah, S.H', '1766153583', '2025-10-09', NULL, NULL, '10:59:00', NULL, 'HADIR', 'Thursday'),
(234, 'Saipulah, S.H', '1766153583', '2025-10-13', NULL, NULL, '07:26:00', '21:07:00', 'HADIR', 'Monday'),
(235, 'Saipulah, S.H', '1766153583', '2025-10-14', NULL, NULL, '10:40:00', NULL, 'HADIR', 'Tuesday'),
(236, 'Saipulah, S.H', '1766153583', '2025-10-15', NULL, NULL, '20:21:00', NULL, 'HADIR', 'Wednesday'),
(237, 'Saipulah, S.H', '1766153583', '2025-10-16', NULL, NULL, '19:09:00', NULL, 'HADIR', 'Thursday'),
(238, 'Saipulah, S.H', '1766153583', '2025-10-20', NULL, NULL, '20:35:00', NULL, 'HADIR', 'Monday'),
(239, 'Saipulah, S.H', '1766153583', '2025-10-21', NULL, NULL, '08:27:00', NULL, 'HADIR', 'Tuesday'),
(240, 'Saipulah, S.H', '1766153583', '2025-10-23', NULL, NULL, '18:56:00', NULL, 'HADIR', 'Thursday'),
(241, 'Saipulah, S.H', '1766153583', '2025-10-27', NULL, NULL, '07:22:00', '15:59:00', 'HADIR', 'Monday'),
(242, 'Saipulah, S.H', '1766153583', '2025-10-28', NULL, NULL, '09:42:00', NULL, 'HADIR', 'Tuesday'),
(243, 'Tubagus Iqbal T', '1766153584', '2025-10-01', NULL, NULL, '07:20:00', '16:17:00', 'HADIR', 'Wednesday'),
(244, 'Tubagus Iqbal T', '1766153584', '2025-10-02', NULL, NULL, '07:51:00', '16:25:00', 'HADIR', 'Thursday'),
(245, 'Tubagus Iqbal T', '1766153584', '2025-10-03', NULL, NULL, '07:21:00', '17:37:00', 'HADIR', 'Friday'),
(246, 'Tubagus Iqbal T', '1766153584', '2025-10-06', NULL, NULL, '08:15:00', '20:06:00', 'HADIR', 'Monday'),
(247, 'Tubagus Iqbal T', '1766153584', '2025-10-07', NULL, NULL, '08:11:00', '21:13:00', 'HADIR', 'Tuesday'),
(248, 'Tubagus Iqbal T', '1766153584', '2025-10-08', NULL, NULL, '07:57:00', '17:05:00', 'HADIR', 'Wednesday'),
(249, 'Tubagus Iqbal T', '1766153584', '2025-10-09', NULL, NULL, '07:42:00', '17:22:00', 'HADIR', 'Thursday'),
(250, 'Tubagus Iqbal T', '1766153584', '2025-10-10', NULL, NULL, '07:51:00', '16:31:00', 'HADIR', 'Friday'),
(251, 'Tubagus Iqbal T', '1766153584', '2025-10-13', NULL, NULL, '08:00:00', '16:07:00', 'HADIR', 'Monday'),
(252, 'Tubagus Iqbal T', '1766153584', '2025-10-14', NULL, NULL, '08:41:00', '17:18:00', 'HADIR', 'Tuesday'),
(253, 'Tubagus Iqbal T', '1766153584', '2025-10-15', NULL, NULL, '08:33:00', '16:03:00', 'HADIR', 'Wednesday'),
(254, 'Tubagus Iqbal T', '1766153584', '2025-10-16', NULL, NULL, '07:47:00', '16:01:00', 'HADIR', 'Thursday'),
(255, 'Tubagus Iqbal T', '1766153584', '2025-10-17', NULL, NULL, '07:33:00', '16:31:00', 'HADIR', 'Friday'),
(256, 'Tubagus Iqbal T', '1766153584', '2025-10-20', NULL, NULL, '08:02:00', '16:03:00', 'HADIR', 'Monday'),
(257, 'Tubagus Iqbal T', '1766153584', '2025-10-21', NULL, NULL, '08:46:00', NULL, 'HADIR', 'Tuesday'),
(258, 'Tubagus Iqbal T', '1766153584', '2025-10-22', NULL, NULL, '07:59:00', '18:50:00', 'HADIR', 'Wednesday'),
(259, 'Tubagus Iqbal T', '1766153584', '2025-10-23', NULL, NULL, '08:22:00', '21:51:00', 'HADIR', 'Thursday'),
(260, 'Tubagus Iqbal T', '1766153584', '2025-10-24', NULL, NULL, '06:12:00', NULL, 'HADIR', 'Friday'),
(261, 'Tubagus Iqbal T', '1766153584', '2025-10-27', NULL, NULL, '06:01:00', '16:05:00', 'HADIR', 'Monday'),
(262, 'Tubagus Iqbal T', '1766153584', '2025-10-28', NULL, NULL, '07:35:00', '16:17:00', 'HADIR', 'Tuesday'),
(263, 'Tubagus Iqbal T', '1766153584', '2025-10-29', NULL, NULL, '07:50:00', '18:56:00', 'HADIR', 'Wednesday'),
(264, 'Tubagus Iqbal T', '1766153584', '2025-10-30', NULL, NULL, '08:08:00', '17:19:00', 'HADIR', 'Thursday'),
(265, 'Tubagus Iqbal T', '1766153584', '2025-10-31', NULL, NULL, '06:13:00', '16:31:00', 'HADIR', 'Friday'),
(266, 'Nur Anugrah San', '1766153585', '2025-10-01', NULL, NULL, '08:24:00', '16:01:00', 'HADIR', 'Wednesday'),
(267, 'Nur Anugrah San', '1766153585', '2025-10-02', NULL, NULL, '07:57:00', '16:25:00', 'HADIR', 'Thursday'),
(268, 'Nur Anugrah San', '1766153585', '2025-10-03', NULL, NULL, '09:13:00', '16:34:00', 'HADIR', 'Friday'),
(269, 'Nur Anugrah San', '1766153585', '2025-10-06', NULL, NULL, '08:15:00', '16:01:00', 'HADIR', 'Monday'),
(270, 'Nur Anugrah San', '1766153585', '2025-10-07', NULL, NULL, '08:16:00', '16:40:00', 'HADIR', 'Tuesday'),
(271, 'Nur Anugrah San', '1766153585', '2025-10-08', NULL, NULL, '09:43:00', NULL, 'HADIR', 'Wednesday'),
(272, 'Nur Anugrah San', '1766153585', '2025-10-09', NULL, NULL, '08:27:00', '18:52:00', 'HADIR', 'Thursday'),
(273, 'Nur Anugrah San', '1766153585', '2025-10-13', NULL, NULL, '07:19:00', '17:08:00', 'HADIR', 'Monday'),
(274, 'Nur Anugrah San', '1766153585', '2025-10-14', NULL, NULL, '06:38:00', '16:00:00', 'HADIR', 'Tuesday'),
(275, 'Nur Anugrah San', '1766153585', '2025-10-15', NULL, NULL, '16:10:00', NULL, 'HADIR', 'Wednesday'),
(276, 'Nur Anugrah San', '1766153585', '2025-10-16', NULL, NULL, '08:27:00', '16:01:00', 'HADIR', 'Thursday'),
(277, 'Nur Anugrah San', '1766153585', '2025-10-17', NULL, NULL, '16:33:00', NULL, 'HADIR', 'Friday'),
(278, 'Nur Anugrah San', '1766153585', '2025-10-20', NULL, NULL, '07:29:00', '16:32:00', 'HADIR', 'Monday'),
(279, 'Nur Anugrah San', '1766153585', '2025-10-21', NULL, NULL, '08:31:00', '16:00:00', 'HADIR', 'Tuesday'),
(280, 'Nur Anugrah San', '1766153585', '2025-10-22', NULL, NULL, '16:03:00', NULL, 'HADIR', 'Wednesday'),
(281, 'Nur Anugrah San', '1766153585', '2025-10-24', NULL, NULL, '08:37:00', NULL, 'HADIR', 'Friday'),
(282, 'Nur Anugrah San', '1766153585', '2025-10-27', NULL, NULL, '16:05:00', NULL, 'HADIR', 'Monday'),
(283, 'Nur Anugrah San', '1766153585', '2025-10-28', NULL, NULL, '10:16:00', '16:47:00', 'HADIR', 'Tuesday'),
(284, 'Nur Anugrah San', '1766153585', '2025-10-29', NULL, NULL, '09:05:00', '16:28:00', 'HADIR', 'Wednesday'),
(285, 'Nur Anugrah San', '1766153585', '2025-10-30', NULL, NULL, '08:34:00', '19:39:00', 'HADIR', 'Thursday'),
(286, 'Nur Anugrah San', '1766153585', '2025-10-31', NULL, NULL, '08:37:00', '16:51:00', 'HADIR', 'Friday'),
(287, 'Hupron', '1766153586', '2025-10-01', NULL, NULL, '06:57:00', '16:05:00', 'HADIR', 'Wednesday'),
(288, 'Hupron', '1766153586', '2025-10-02', NULL, NULL, '06:52:00', '16:00:00', 'HADIR', 'Thursday'),
(289, 'Hupron', '1766153586', '2025-10-03', NULL, NULL, '06:55:00', NULL, 'HADIR', 'Friday'),
(290, 'Hupron', '1766153586', '2025-10-06', NULL, NULL, '07:03:00', '16:46:00', 'HADIR', 'Monday'),
(291, 'Hupron', '1766153586', '2025-10-07', NULL, NULL, '06:56:00', NULL, 'HADIR', 'Tuesday'),
(292, 'Hupron', '1766153586', '2025-10-09', NULL, NULL, '08:40:00', NULL, 'HADIR', 'Thursday'),
(293, 'Hupron', '1766153586', '2025-10-10', NULL, NULL, '06:39:00', '18:44:00', 'HADIR', 'Friday'),
(294, 'Hupron', '1766153586', '2025-10-13', NULL, NULL, '07:03:00', '20:11:00', 'HADIR', 'Monday'),
(295, 'Hupron', '1766153586', '2025-10-14', NULL, NULL, '07:00:00', '16:00:00', 'HADIR', 'Tuesday'),
(296, 'Hupron', '1766153586', '2025-10-16', NULL, NULL, '07:07:00', '16:08:00', 'HADIR', 'Thursday'),
(297, 'Hupron', '1766153586', '2025-10-17', NULL, NULL, '06:48:00', NULL, 'HADIR', 'Friday'),
(298, 'Hupron', '1766153586', '2025-10-20', NULL, NULL, '06:50:00', '16:00:00', 'HADIR', 'Monday'),
(299, 'Hupron', '1766153586', '2025-10-21', NULL, NULL, '08:26:00', NULL, 'HADIR', 'Tuesday'),
(300, 'Hupron', '1766153586', '2025-10-22', NULL, NULL, '06:58:00', '16:02:00', 'HADIR', 'Wednesday'),
(301, 'Hupron', '1766153586', '2025-10-24', NULL, NULL, '07:05:00', '18:36:00', 'HADIR', 'Friday'),
(302, 'Hupron', '1766153586', '2025-10-29', NULL, NULL, '07:42:00', NULL, 'HADIR', 'Wednesday'),
(303, 'Hupron', '1766153586', '2025-10-30', NULL, NULL, '08:11:00', '16:03:00', 'HADIR', 'Thursday'),
(304, 'Hupron', '1766153586', '2025-10-31', NULL, NULL, '06:50:00', NULL, 'HADIR', 'Friday'),
(305, 'Solahudin', 'DS028', '2025-10-02', NULL, NULL, '07:29:00', '17:09:00', 'HADIR', 'Thursday'),
(306, 'Solahudin', 'DS028', '2025-10-03', NULL, NULL, '08:29:00', '16:31:00', 'HADIR', 'Friday'),
(307, 'Solahudin', 'DS028', '2025-10-06', NULL, NULL, '07:07:00', '16:39:00', 'HADIR', 'Monday'),
(308, 'Solahudin', 'DS028', '2025-10-07', NULL, NULL, '07:14:00', '16:05:00', 'HADIR', 'Tuesday'),
(309, 'Solahudin', 'DS028', '2025-10-08', NULL, NULL, '07:18:00', '16:43:00', 'HADIR', 'Wednesday'),
(310, 'Solahudin', 'DS028', '2025-10-09', NULL, NULL, '06:54:00', NULL, 'HADIR', 'Thursday'),
(311, 'Solahudin', 'DS028', '2025-10-10', NULL, NULL, '08:23:00', NULL, 'HADIR', 'Friday'),
(312, 'Solahudin', 'DS028', '2025-10-13', NULL, NULL, '07:28:00', NULL, 'HADIR', 'Monday'),
(313, 'Solahudin', 'DS028', '2025-10-14', NULL, NULL, '08:10:00', NULL, 'HADIR', 'Tuesday'),
(314, 'Solahudin', 'DS028', '2025-10-15', NULL, NULL, '07:51:00', NULL, 'HADIR', 'Wednesday'),
(315, 'Solahudin', 'DS028', '2025-10-16', NULL, NULL, '07:49:00', NULL, 'HADIR', 'Thursday'),
(316, 'Solahudin', 'DS028', '2025-10-17', NULL, NULL, '06:09:00', '17:09:00', 'HADIR', 'Friday'),
(317, 'Solahudin', 'DS028', '2025-10-20', NULL, NULL, '07:19:00', NULL, 'HADIR', 'Monday'),
(318, 'Solahudin', 'DS028', '2025-10-22', NULL, NULL, '07:30:00', '16:29:00', 'HADIR', 'Wednesday'),
(319, 'Solahudin', 'DS028', '2025-10-23', NULL, NULL, '07:40:00', '17:22:00', 'HADIR', 'Thursday'),
(320, 'Solahudin', 'DS028', '2025-10-24', NULL, NULL, '08:36:00', NULL, 'HADIR', 'Friday'),
(321, 'Solahudin', 'DS028', '2025-10-27', NULL, NULL, '07:24:00', NULL, 'HADIR', 'Monday'),
(322, 'Solahudin', 'DS028', '2025-10-28', NULL, NULL, '07:34:00', '16:11:00', 'HADIR', 'Tuesday'),
(323, 'Solahudin', 'DS028', '2025-10-29', NULL, NULL, '07:37:00', '16:26:00', 'HADIR', 'Wednesday'),
(324, 'Solahudin', 'DS028', '2025-10-30', NULL, NULL, '07:21:00', '16:03:00', 'HADIR', 'Thursday'),
(325, 'Solahudin', 'DS028', '2025-10-31', NULL, NULL, '08:42:00', '18:30:00', 'HADIR', 'Friday'),
(326, 'M. Edi Sudrajat', 'DS029', '2025-10-01', NULL, NULL, '07:49:00', '16:45:00', 'HADIR', 'Wednesday'),
(327, 'M. Edi Sudrajat', 'DS029', '2025-10-02', NULL, NULL, '07:45:00', '16:35:00', 'HADIR', 'Thursday'),
(328, 'M. Edi Sudrajat', 'DS029', '2025-10-05', NULL, NULL, '13:28:00', NULL, 'HADIR', 'Sunday'),
(329, 'M. Edi Sudrajat', 'DS029', '2025-10-06', NULL, NULL, '07:39:00', '16:10:00', 'HADIR', 'Monday'),
(330, 'M. Edi Sudrajat', 'DS029', '2025-10-07', NULL, NULL, '07:32:00', '16:06:00', 'HADIR', 'Tuesday'),
(331, 'M. Edi Sudrajat', 'DS029', '2025-10-08', NULL, NULL, '07:46:00', '16:03:00', 'HADIR', 'Wednesday'),
(332, 'M. Edi Sudrajat', 'DS029', '2025-10-09', NULL, NULL, '07:50:00', '16:34:00', 'HADIR', 'Thursday'),
(333, 'M. Edi Sudrajat', 'DS029', '2025-10-10', NULL, NULL, '07:51:00', '16:30:00', 'HADIR', 'Friday'),
(334, 'M. Edi Sudrajat', 'DS029', '2025-10-13', NULL, NULL, '07:35:00', '15:01:00', 'HADIR', 'Monday'),
(335, 'M. Edi Sudrajat', 'DS029', '2025-10-14', NULL, NULL, '07:46:00', '16:19:00', 'HADIR', 'Tuesday'),
(336, 'M. Edi Sudrajat', 'DS029', '2025-10-15', NULL, NULL, '07:57:00', '16:26:00', 'HADIR', 'Wednesday'),
(337, 'M. Edi Sudrajat', 'DS029', '2025-10-16', NULL, NULL, '09:17:00', '16:13:00', 'HADIR', 'Thursday'),
(338, 'M. Edi Sudrajat', 'DS029', '2025-10-17', NULL, NULL, '07:51:00', '16:51:00', 'HADIR', 'Friday'),
(339, 'M. Edi Sudrajat', 'DS029', '2025-10-20', NULL, NULL, '07:17:00', '16:09:00', 'HADIR', 'Monday'),
(340, 'M. Edi Sudrajat', 'DS029', '2025-10-21', NULL, NULL, '07:42:00', '16:10:00', 'HADIR', 'Tuesday'),
(341, 'M. Edi Sudrajat', 'DS029', '2025-10-22', NULL, NULL, '07:53:00', '16:10:00', 'HADIR', 'Wednesday'),
(342, 'M. Edi Sudrajat', 'DS029', '2025-10-23', NULL, NULL, '07:47:00', '16:11:00', 'HADIR', 'Thursday'),
(343, 'M. Edi Sudrajat', 'DS029', '2025-10-24', NULL, NULL, '07:55:00', '20:48:00', 'HADIR', 'Friday'),
(344, 'M. Edi Sudrajat', 'DS029', '2025-10-28', NULL, NULL, '07:53:00', '16:11:00', 'HADIR', 'Tuesday'),
(345, 'M. Edi Sudrajat', 'DS029', '2025-10-29', NULL, NULL, '07:36:00', '17:11:00', 'HADIR', 'Wednesday'),
(346, 'M. Edi Sudrajat', 'DS029', '2025-10-30', NULL, NULL, '07:37:00', NULL, 'HADIR', 'Thursday'),
(347, 'M. Edi Sudrajat', 'DS029', '2025-10-31', NULL, NULL, '09:03:00', '17:39:00', 'HADIR', 'Friday'),
(348, 'Nurlaela, S.E', 'DS003', '2025-10-01', NULL, NULL, '07:04:00', '19:10:00', 'HADIR', 'Wednesday'),
(349, 'Nurlaela, S.E', 'DS003', '2025-10-02', NULL, NULL, '07:50:00', '17:45:00', 'HADIR', 'Thursday'),
(350, 'Nurlaela, S.E', 'DS003', '2025-10-03', NULL, NULL, '07:27:00', '16:47:00', 'HADIR', 'Friday'),
(351, 'Nurlaela, S.E', 'DS003', '2025-10-04', NULL, NULL, '10:19:00', '14:26:00', 'HADIR', 'Saturday'),
(352, 'Nurlaela, S.E', 'DS003', '2025-10-06', NULL, NULL, '07:18:00', '16:52:00', 'HADIR', 'Monday'),
(353, 'Nurlaela, S.E', 'DS003', '2025-10-07', NULL, NULL, '07:51:00', '16:06:00', 'HADIR', 'Tuesday'),
(354, 'Nurlaela, S.E', 'DS003', '2025-10-08', NULL, NULL, '07:44:00', '16:02:00', 'HADIR', 'Wednesday'),
(355, 'Nurlaela, S.E', 'DS003', '2025-10-09', NULL, NULL, '07:46:00', '19:28:00', 'HADIR', 'Thursday'),
(356, 'Nurlaela, S.E', 'DS003', '2025-10-10', NULL, NULL, '07:18:00', '16:31:00', 'HADIR', 'Friday'),
(357, 'Nurlaela, S.E', 'DS003', '2025-10-13', NULL, NULL, '07:23:00', '16:25:00', 'HADIR', 'Monday'),
(358, 'Nurlaela, S.E', 'DS003', '2025-10-14', NULL, NULL, '07:30:00', '16:05:00', 'HADIR', 'Tuesday'),
(359, 'Nurlaela, S.E', 'DS003', '2025-10-15', NULL, NULL, '07:39:00', '16:08:00', 'HADIR', 'Wednesday'),
(360, 'Nurlaela, S.E', 'DS003', '2025-10-16', NULL, NULL, '07:30:00', '16:07:00', 'HADIR', 'Thursday'),
(361, 'Nurlaela, S.E', 'DS003', '2025-10-17', NULL, NULL, '07:06:00', '16:33:00', 'HADIR', 'Friday'),
(362, 'Nurlaela, S.E', 'DS003', '2025-10-20', NULL, NULL, '07:27:00', '17:18:00', 'HADIR', 'Monday'),
(363, 'Nurlaela, S.E', 'DS003', '2025-10-21', NULL, NULL, '07:19:00', '17:15:00', 'HADIR', 'Tuesday'),
(364, 'Nurlaela, S.E', 'DS003', '2025-10-22', NULL, NULL, '07:23:00', NULL, 'HADIR', 'Wednesday'),
(365, 'Nurlaela, S.E', 'DS003', '2025-10-23', NULL, NULL, '06:55:00', '16:00:00', 'HADIR', 'Thursday'),
(366, 'Nurlaela, S.E', 'DS003', '2025-10-24', NULL, NULL, '07:28:00', '16:31:00', 'HADIR', 'Friday'),
(367, 'Nurlaela, S.E', 'DS003', '2025-10-27', NULL, NULL, '07:09:00', '16:12:00', 'HADIR', 'Monday'),
(368, 'Nurlaela, S.E', 'DS003', '2025-10-28', NULL, NULL, '07:42:00', '19:35:00', 'HADIR', 'Tuesday'),
(369, 'Nurlaela, S.E', 'DS003', '2025-10-29', NULL, NULL, '07:21:00', NULL, 'HADIR', 'Wednesday'),
(370, 'Nurlaela, S.E', 'DS003', '2025-10-30', NULL, NULL, '07:59:00', '17:28:00', 'HADIR', 'Thursday'),
(371, 'Nurlaela, S.E', 'DS003', '2025-10-31', NULL, NULL, '07:08:00', '18:30:00', 'HADIR', 'Friday'),
(372, 'Anpal Iskapala', '1766153590', '2025-10-01', NULL, NULL, '07:43:00', NULL, 'HADIR', 'Wednesday'),
(373, 'Anpal Iskapala', '1766153590', '2025-10-02', NULL, NULL, '13:17:00', NULL, 'HADIR', 'Thursday'),
(374, 'Anpal Iskapala', '1766153590', '2025-10-03', NULL, NULL, '18:07:00', NULL, 'HADIR', 'Friday'),
(375, 'Anpal Iskapala', '1766153590', '2025-10-06', NULL, NULL, '07:18:00', '17:55:00', 'HADIR', 'Monday'),
(376, 'Anpal Iskapala', '1766153590', '2025-10-07', NULL, NULL, '16:10:00', NULL, 'HADIR', 'Tuesday'),
(377, 'Anpal Iskapala', '1766153590', '2025-10-08', NULL, NULL, '09:54:00', '20:04:00', 'HADIR', 'Wednesday'),
(378, 'Anpal Iskapala', '1766153590', '2025-10-09', NULL, NULL, '16:04:00', NULL, 'HADIR', 'Thursday'),
(379, 'Anpal Iskapala', '1766153590', '2025-10-10', NULL, NULL, '07:54:00', '20:22:00', 'HADIR', 'Friday'),
(380, 'Anpal Iskapala', '1766153590', '2025-10-13', NULL, NULL, '20:09:00', NULL, 'HADIR', 'Monday'),
(381, 'Anpal Iskapala', '1766153590', '2025-10-14', NULL, NULL, '13:16:00', '21:27:00', 'HADIR', 'Tuesday'),
(382, 'Anpal Iskapala', '1766153590', '2025-10-15', NULL, NULL, '22:16:00', NULL, 'HADIR', 'Wednesday'),
(383, 'Anpal Iskapala', '1766153590', '2025-10-16', NULL, NULL, '19:05:00', NULL, 'HADIR', 'Thursday'),
(384, 'Anpal Iskapala', '1766153590', '2025-10-17', NULL, NULL, '21:03:00', NULL, 'HADIR', 'Friday'),
(385, 'Anpal Iskapala', '1766153590', '2025-10-20', NULL, NULL, '07:19:00', '21:08:00', 'HADIR', 'Monday'),
(386, 'Anpal Iskapala', '1766153590', '2025-10-21', NULL, NULL, '10:45:00', '16:36:00', 'HADIR', 'Tuesday'),
(387, 'Anpal Iskapala', '1766153590', '2025-10-23', NULL, NULL, '17:22:00', '21:58:00', 'HADIR', 'Thursday'),
(388, 'Anpal Iskapala', '1766153590', '2025-10-24', NULL, NULL, '19:30:00', NULL, 'HADIR', 'Friday'),
(389, 'Anpal Iskapala', '1766153590', '2025-10-27', NULL, NULL, '07:13:00', '21:16:00', 'HADIR', 'Monday'),
(390, 'Anpal Iskapala', '1766153590', '2025-10-28', NULL, NULL, '08:38:00', '21:33:00', 'HADIR', 'Tuesday'),
(391, 'Anpal Iskapala', '1766153590', '2025-10-29', NULL, NULL, '08:41:00', '19:11:00', 'HADIR', 'Wednesday'),
(392, 'Anpal Iskapala', '1766153590', '2025-10-30', NULL, NULL, '09:21:00', '21:43:00', 'HADIR', 'Thursday'),
(393, 'Anpal Iskapala', '1766153590', '2025-10-31', NULL, NULL, '09:02:00', '18:30:00', 'HADIR', 'Friday'),
(394, 'R.Pryeska Nusan', '1766153592', '2025-10-01', NULL, NULL, '06:53:00', '20:14:00', 'HADIR', 'Wednesday'),
(395, 'R.Pryeska Nusan', '1766153592', '2025-10-02', NULL, NULL, '06:58:00', '19:34:00', 'HADIR', 'Thursday'),
(396, 'R.Pryeska Nusan', '1766153592', '2025-10-03', NULL, NULL, '07:45:00', '16:53:00', 'HADIR', 'Friday'),
(397, 'R.Pryeska Nusan', '1766153592', '2025-10-06', NULL, NULL, '06:59:00', '20:00:00', 'HADIR', 'Monday'),
(398, 'R.Pryeska Nusan', '1766153592', '2025-10-07', NULL, NULL, '06:48:00', '20:56:00', 'HADIR', 'Tuesday'),
(399, 'R.Pryeska Nusan', '1766153592', '2025-10-08', NULL, NULL, '07:26:00', '19:29:00', 'HADIR', 'Wednesday'),
(400, 'R.Pryeska Nusan', '1766153592', '2025-10-09', NULL, NULL, '07:03:00', NULL, 'HADIR', 'Thursday'),
(401, 'R.Pryeska Nusan', '1766153592', '2025-10-13', NULL, NULL, '07:38:00', '19:39:00', 'HADIR', 'Monday'),
(402, 'R.Pryeska Nusan', '1766153592', '2025-10-14', NULL, NULL, '06:54:00', '19:53:00', 'HADIR', 'Tuesday'),
(403, 'R.Pryeska Nusan', '1766153592', '2025-10-15', NULL, NULL, '07:22:00', '19:47:00', 'HADIR', 'Wednesday'),
(404, 'R.Pryeska Nusan', '1766153592', '2025-10-16', NULL, NULL, '09:12:00', '16:00:00', 'HADIR', 'Thursday'),
(405, 'R.Pryeska Nusan', '1766153592', '2025-10-17', NULL, NULL, '07:43:00', '21:26:00', 'HADIR', 'Friday'),
(406, 'R.Pryeska Nusan', '1766153592', '2025-10-20', NULL, NULL, '06:52:00', '17:02:00', 'HADIR', 'Monday'),
(407, 'R.Pryeska Nusan', '1766153592', '2025-10-21', NULL, NULL, '07:33:00', '21:21:00', 'HADIR', 'Tuesday'),
(408, 'R.Pryeska Nusan', '1766153592', '2025-10-22', NULL, NULL, '07:41:00', '21:35:00', 'HADIR', 'Wednesday'),
(409, 'R.Pryeska Nusan', '1766153592', '2025-10-23', NULL, NULL, '07:25:00', '22:51:00', 'HADIR', 'Thursday'),
(410, 'R.Pryeska Nusan', '1766153592', '2025-10-24', NULL, NULL, '08:38:00', '16:44:00', 'HADIR', 'Friday'),
(411, 'R.Pryeska Nusan', '1766153592', '2025-10-27', NULL, NULL, '07:29:00', '21:47:00', 'HADIR', 'Monday'),
(412, 'R.Pryeska Nusan', '1766153592', '2025-10-28', NULL, NULL, '16:22:00', NULL, 'HADIR', 'Tuesday'),
(413, 'R.Pryeska Nusan', '1766153592', '2025-10-29', NULL, NULL, '08:13:00', '18:14:00', 'HADIR', 'Wednesday'),
(414, 'R.Pryeska Nusan', '1766153592', '2025-10-30', NULL, NULL, '20:11:00', NULL, 'HADIR', 'Thursday'),
(415, 'R.Pryeska Nusan', '1766153592', '2025-10-31', NULL, NULL, '08:15:00', '21:27:00', 'HADIR', 'Friday'),
(416, 'Novel Noberi, S', '1766153593', '2025-10-01', NULL, NULL, '06:43:00', '20:06:00', 'HADIR', 'Wednesday'),
(417, 'Novel Noberi, S', '1766153593', '2025-10-02', NULL, NULL, '08:47:00', '19:30:00', 'HADIR', 'Thursday'),
(418, 'Novel Noberi, S', '1766153593', '2025-10-03', NULL, NULL, '08:41:00', '20:15:00', 'HADIR', 'Friday'),
(419, 'Novel Noberi, S', '1766153593', '2025-10-06', NULL, NULL, '08:57:00', '20:06:00', 'HADIR', 'Monday'),
(420, 'Novel Noberi, S', '1766153593', '2025-10-07', NULL, NULL, '09:06:00', '16:18:00', 'HADIR', 'Tuesday'),
(421, 'Novel Noberi, S', '1766153593', '2025-10-09', NULL, NULL, '08:31:00', '17:59:00', 'HADIR', 'Thursday'),
(422, 'Novel Noberi, S', '1766153593', '2025-10-10', NULL, NULL, '08:31:00', '18:05:00', 'HADIR', 'Friday'),
(423, 'Novel Noberi, S', '1766153593', '2025-10-13', NULL, NULL, '08:45:00', NULL, 'HADIR', 'Monday'),
(424, 'Novel Noberi, S', '1766153593', '2025-10-14', NULL, NULL, '08:57:00', '19:45:00', 'HADIR', 'Tuesday'),
(425, 'Novel Noberi, S', '1766153593', '2025-10-15', NULL, NULL, '19:43:00', NULL, 'HADIR', 'Wednesday'),
(426, 'Novel Noberi, S', '1766153593', '2025-10-16', NULL, NULL, '10:20:00', '16:00:00', 'HADIR', 'Thursday'),
(427, 'Novel Noberi, S', '1766153593', '2025-10-17', NULL, NULL, '09:30:00', '21:34:00', 'HADIR', 'Friday'),
(428, 'Novel Noberi, S', '1766153593', '2025-10-20', NULL, NULL, '08:43:00', '16:01:00', 'HADIR', 'Monday'),
(429, 'Novel Noberi, S', '1766153593', '2025-10-21', NULL, NULL, '12:21:00', NULL, 'HADIR', 'Tuesday'),
(430, 'Novel Noberi, S', '1766153593', '2025-10-24', NULL, NULL, '09:44:00', NULL, 'HADIR', 'Friday'),
(431, 'Novel Noberi, S', '1766153593', '2025-10-27', NULL, NULL, '08:58:00', '21:47:00', 'HADIR', 'Monday'),
(432, 'Novel Noberi, S', '1766153593', '2025-10-28', NULL, NULL, '10:20:00', '16:16:00', 'HADIR', 'Tuesday'),
(433, 'Novel Noberi, S', '1766153593', '2025-10-29', NULL, NULL, '09:43:00', '18:11:00', 'HADIR', 'Wednesday'),
(434, 'Novel Noberi, S', '1766153593', '2025-10-30', NULL, NULL, '10:13:00', '20:10:00', 'HADIR', 'Thursday'),
(435, 'Novel Noberi, S', '1766153593', '2025-10-31', NULL, NULL, '09:57:00', '21:27:00', 'HADIR', 'Friday'),
(436, 'novieta', '1766153594', '2025-10-31', NULL, NULL, '15:24:00', '15:25:00', 'HADIR', 'Friday'),
(437, 'Tita Syafira Ma', '1766153596', '2025-10-01', NULL, NULL, '19:07:00', NULL, 'HADIR', 'Wednesday'),
(438, 'Tita Syafira Ma', '1766153596', '2025-10-02', NULL, NULL, '07:29:00', NULL, 'HADIR', 'Thursday'),
(439, 'Irmawati', '1766153597', '2025-10-01', NULL, NULL, '07:14:00', '19:07:00', 'HADIR', 'Wednesday'),
(440, 'Irmawati', '1766153597', '2025-10-02', NULL, NULL, '07:12:00', '16:03:00', 'HADIR', 'Thursday'),
(441, 'Irmawati', '1766153597', '2025-10-03', NULL, NULL, '07:12:00', '19:35:00', 'HADIR', 'Friday'),
(442, 'Irmawati', '1766153597', '2025-10-06', NULL, NULL, '07:07:00', '16:06:00', 'HADIR', 'Monday'),
(443, 'Irmawati', '1766153597', '2025-10-07', NULL, NULL, '07:13:00', '19:59:00', 'HADIR', 'Tuesday'),
(444, 'Irmawati', '1766153597', '2025-10-08', NULL, NULL, '07:17:00', '16:14:00', 'HADIR', 'Wednesday'),
(445, 'Irmawati', '1766153597', '2025-10-09', NULL, NULL, '07:14:00', '17:15:00', 'HADIR', 'Thursday'),
(446, 'Irmawati', '1766153597', '2025-10-10', NULL, NULL, '07:18:00', '18:28:00', 'HADIR', 'Friday'),
(447, 'Irmawati', '1766153597', '2025-10-13', NULL, NULL, '06:47:00', '19:11:00', 'HADIR', 'Monday'),
(448, 'Irmawati', '1766153597', '2025-10-14', NULL, NULL, '06:29:00', '16:42:00', 'HADIR', 'Tuesday'),
(449, 'Irmawati', '1766153597', '2025-10-15', NULL, NULL, '07:16:00', '16:46:00', 'HADIR', 'Wednesday'),
(450, 'Irmawati', '1766153597', '2025-10-16', NULL, NULL, '07:13:00', '18:44:00', 'HADIR', 'Thursday'),
(451, 'Irmawati', '1766153597', '2025-10-17', NULL, NULL, '07:21:00', '16:34:00', 'HADIR', 'Friday'),
(452, 'Irmawati', '1766153597', '2025-10-20', NULL, NULL, '07:04:00', '16:27:00', 'HADIR', 'Monday'),
(453, 'Irmawati', '1766153597', '2025-10-21', NULL, NULL, '07:09:00', '19:04:00', 'HADIR', 'Tuesday'),
(454, 'Irmawati', '1766153597', '2025-10-22', NULL, NULL, '06:55:00', '16:12:00', 'HADIR', 'Wednesday'),
(455, 'Irmawati', '1766153597', '2025-10-23', NULL, NULL, '07:08:00', '15:57:00', 'HADIR', 'Thursday'),
(456, 'Irmawati', '1766153597', '2025-10-24', NULL, NULL, '07:15:00', '18:21:00', 'HADIR', 'Friday'),
(457, 'Irmawati', '1766153597', '2025-10-27', NULL, NULL, '07:13:00', '16:06:00', 'HADIR', 'Monday'),
(458, 'Irmawati', '1766153597', '2025-10-28', NULL, NULL, '07:22:00', '16:00:00', 'HADIR', 'Tuesday'),
(459, 'Irmawati', '1766153597', '2025-10-29', NULL, NULL, '07:19:00', '16:58:00', 'HADIR', 'Wednesday'),
(460, 'Irmawati', '1766153597', '2025-10-30', NULL, NULL, '07:25:00', NULL, 'HADIR', 'Thursday'),
(461, 'Irmawati', '1766153597', '2025-10-31', NULL, NULL, '07:13:00', '18:42:00', 'HADIR', 'Friday'),
(462, 'Pebri Perdana,', '1766153598', '2025-10-01', NULL, NULL, '08:26:00', '18:03:00', 'HADIR', 'Wednesday'),
(463, 'Pebri Perdana,', '1766153598', '2025-10-02', NULL, NULL, '08:15:00', '17:08:00', 'HADIR', 'Thursday'),
(464, 'Pebri Perdana,', '1766153598', '2025-10-03', NULL, NULL, '08:32:00', '16:44:00', 'HADIR', 'Friday'),
(465, 'Pebri Perdana,', '1766153598', '2025-10-06', NULL, NULL, '07:15:00', '17:43:00', 'HADIR', 'Monday'),
(466, 'Pebri Perdana,', '1766153598', '2025-10-07', NULL, NULL, '07:36:00', '16:47:00', 'HADIR', 'Tuesday'),
(467, 'Pebri Perdana,', '1766153598', '2025-10-08', NULL, NULL, '07:48:00', '17:21:00', 'HADIR', 'Wednesday'),
(468, 'Pebri Perdana,', '1766153598', '2025-10-09', NULL, NULL, '08:13:00', '17:15:00', 'HADIR', 'Thursday'),
(469, 'Pebri Perdana,', '1766153598', '2025-10-10', NULL, NULL, '08:19:00', '17:00:00', 'HADIR', 'Friday'),
(470, 'Pebri Perdana,', '1766153598', '2025-10-13', NULL, NULL, '07:01:00', '17:06:00', 'HADIR', 'Monday'),
(471, 'Pebri Perdana,', '1766153598', '2025-10-14', NULL, NULL, '07:27:00', '16:11:00', 'HADIR', 'Tuesday'),
(472, 'Pebri Perdana,', '1766153598', '2025-10-16', NULL, NULL, '07:27:00', '17:05:00', 'HADIR', 'Thursday'),
(473, 'Pebri Perdana,', '1766153598', '2025-10-17', NULL, NULL, '08:43:00', '17:46:00', 'HADIR', 'Friday'),
(474, 'Pebri Perdana,', '1766153598', '2025-10-20', NULL, NULL, '07:19:00', '16:40:00', 'HADIR', 'Monday'),
(475, 'Pebri Perdana,', '1766153598', '2025-10-21', NULL, NULL, '07:00:00', '18:28:00', 'HADIR', 'Tuesday');
INSERT INTO `absensi_harian` (`id`, `nama`, `nip`, `tanggal`, `bulan`, `tahun`, `jam_in`, `jam_out`, `keterangan`, `hari`) VALUES
(476, 'Pebri Perdana,', '1766153598', '2025-10-22', NULL, NULL, '08:41:00', '16:05:00', 'HADIR', 'Wednesday'),
(477, 'Pebri Perdana,', '1766153598', '2025-10-23', NULL, NULL, '07:14:00', '16:55:00', 'HADIR', 'Thursday'),
(478, 'Pebri Perdana,', '1766153598', '2025-10-24', NULL, NULL, '07:48:00', '20:24:00', 'HADIR', 'Friday'),
(479, 'Pebri Perdana,', '1766153598', '2025-10-27', NULL, NULL, '07:22:00', '16:36:00', 'HADIR', 'Monday'),
(480, 'Pebri Perdana,', '1766153598', '2025-10-28', NULL, NULL, '08:06:00', '16:03:00', 'HADIR', 'Tuesday'),
(481, 'Pebri Perdana,', '1766153598', '2025-10-29', NULL, NULL, '08:35:00', '16:59:00', 'HADIR', 'Wednesday'),
(482, 'Pebri Perdana,', '1766153598', '2025-10-30', NULL, NULL, '07:49:00', '16:52:00', 'HADIR', 'Thursday'),
(483, 'Pebri Perdana,', '1766153598', '2025-10-31', NULL, NULL, '08:02:00', '17:24:00', 'HADIR', 'Friday'),
(484, 'Mariyah, S.E', 'DS039', '2025-10-01', NULL, NULL, '07:52:00', '19:11:00', 'HADIR', 'Wednesday'),
(485, 'Mariyah, S.E', 'DS039', '2025-10-02', NULL, NULL, '08:17:00', '17:00:00', 'HADIR', 'Thursday'),
(486, 'Mariyah, S.E', 'DS039', '2025-10-03', NULL, NULL, '08:41:00', '16:46:00', 'HADIR', 'Friday'),
(487, 'Mariyah, S.E', 'DS039', '2025-10-04', NULL, NULL, '09:53:00', '14:53:00', 'HADIR', 'Saturday'),
(488, 'Mariyah, S.E', 'DS039', '2025-10-06', NULL, NULL, '07:39:00', NULL, 'HADIR', 'Monday'),
(489, 'Mariyah, S.E', 'DS039', '2025-10-07', NULL, NULL, '08:08:00', '15:58:00', 'HADIR', 'Tuesday'),
(490, 'Mariyah, S.E', 'DS039', '2025-10-08', NULL, NULL, '08:35:00', '15:59:00', 'HADIR', 'Wednesday'),
(491, 'Mariyah, S.E', 'DS039', '2025-10-09', NULL, NULL, '08:08:00', '19:29:00', 'HADIR', 'Thursday'),
(492, 'Mariyah, S.E', 'DS039', '2025-10-10', NULL, NULL, '07:40:00', '16:34:00', 'HADIR', 'Friday'),
(493, 'Mariyah, S.E', 'DS039', '2025-10-14', NULL, NULL, '07:29:00', '16:06:00', 'HADIR', 'Tuesday'),
(494, 'Mariyah, S.E', 'DS039', '2025-10-15', NULL, NULL, '07:50:00', NULL, 'HADIR', 'Wednesday'),
(495, 'Mariyah, S.E', 'DS039', '2025-10-16', NULL, NULL, '08:10:00', '15:58:00', 'HADIR', 'Thursday'),
(496, 'Mariyah, S.E', 'DS039', '2025-10-17', NULL, NULL, '08:24:00', '16:32:00', 'HADIR', 'Friday'),
(497, 'Mariyah, S.E', 'DS039', '2025-10-20', NULL, NULL, '07:25:00', '18:53:00', 'HADIR', 'Monday'),
(498, 'Mariyah, S.E', 'DS039', '2025-10-21', NULL, NULL, '08:16:00', '16:22:00', 'HADIR', 'Tuesday'),
(499, 'Mariyah, S.E', 'DS039', '2025-10-22', NULL, NULL, '08:07:00', NULL, 'HADIR', 'Wednesday'),
(500, 'Mariyah, S.E', 'DS039', '2025-10-27', NULL, NULL, '07:22:00', '16:15:00', 'HADIR', 'Monday'),
(501, 'Mariyah, S.E', 'DS039', '2025-10-28', NULL, NULL, '08:16:00', '16:50:00', 'HADIR', 'Tuesday'),
(502, 'Mariyah, S.E', 'DS039', '2025-10-29', NULL, NULL, '08:40:00', '16:30:00', 'HADIR', 'Wednesday'),
(503, 'Mariyah, S.E', 'DS039', '2025-10-30', NULL, NULL, '09:00:00', '17:27:00', 'HADIR', 'Thursday'),
(504, 'Mariyah, S.E', 'DS039', '2025-10-31', NULL, NULL, '08:36:00', NULL, 'HADIR', 'Friday'),
(505, 'Mawaddah Khalis', '1766153600', '2025-10-01', NULL, NULL, '07:44:00', '17:20:00', 'HADIR', 'Wednesday'),
(506, 'Mawaddah Khalis', '1766153600', '2025-10-02', NULL, NULL, '07:17:00', '17:07:00', 'HADIR', 'Thursday'),
(507, 'Mawaddah Khalis', '1766153600', '2025-10-03', NULL, NULL, '07:18:00', '17:22:00', 'HADIR', 'Friday'),
(508, 'Mawaddah Khalis', '1766153600', '2025-10-06', NULL, NULL, '07:26:00', '17:39:00', 'HADIR', 'Monday'),
(509, 'Mawaddah Khalis', '1766153600', '2025-10-07', NULL, NULL, '07:12:00', '16:16:00', 'HADIR', 'Tuesday'),
(510, 'Mawaddah Khalis', '1766153600', '2025-10-08', NULL, NULL, '07:19:00', '16:10:00', 'HADIR', 'Wednesday'),
(511, 'Mawaddah Khalis', '1766153600', '2025-10-09', NULL, NULL, '07:24:00', '16:45:00', 'HADIR', 'Thursday'),
(512, 'Mawaddah Khalis', '1766153600', '2025-10-10', NULL, NULL, '07:19:00', '18:32:00', 'HADIR', 'Friday'),
(513, 'Mawaddah Khalis', '1766153600', '2025-10-14', NULL, NULL, '07:28:00', NULL, 'HADIR', 'Tuesday'),
(514, 'Mawaddah Khalis', '1766153600', '2025-10-16', NULL, NULL, '07:33:00', '16:35:00', 'HADIR', 'Thursday'),
(515, 'Mawaddah Khalis', '1766153600', '2025-10-17', NULL, NULL, '07:18:00', '16:38:00', 'HADIR', 'Friday'),
(516, 'Mawaddah Khalis', '1766153600', '2025-10-20', NULL, NULL, '07:26:00', '16:02:00', 'HADIR', 'Monday'),
(517, 'Mawaddah Khalis', '1766153600', '2025-10-21', NULL, NULL, '07:24:00', '16:15:00', 'HADIR', 'Tuesday'),
(518, 'Mawaddah Khalis', '1766153600', '2025-10-22', NULL, NULL, '07:07:00', NULL, 'HADIR', 'Wednesday'),
(519, 'Mawaddah Khalis', '1766153600', '2025-10-23', NULL, NULL, '07:19:00', '18:14:00', 'HADIR', 'Thursday'),
(520, 'Mawaddah Khalis', '1766153600', '2025-10-24', NULL, NULL, '07:16:00', '16:50:00', 'HADIR', 'Friday'),
(521, 'Mawaddah Khalis', '1766153600', '2025-10-27', NULL, NULL, '06:41:00', '16:18:00', 'HADIR', 'Monday'),
(522, 'Mawaddah Khalis', '1766153600', '2025-10-28', NULL, NULL, '07:24:00', '17:30:00', 'HADIR', 'Tuesday'),
(523, 'Mawaddah Khalis', '1766153600', '2025-10-29', NULL, NULL, '07:25:00', '16:48:00', 'HADIR', 'Wednesday'),
(524, 'Mawaddah Khalis', '1766153600', '2025-10-30', NULL, NULL, '07:13:00', '16:27:00', 'HADIR', 'Thursday'),
(525, 'Mawaddah Khalis', '1766153600', '2025-10-31', NULL, NULL, '07:26:00', '18:31:00', 'HADIR', 'Friday'),
(526, 'Niko Septian Ha', '1766153601', '2025-10-01', NULL, NULL, '07:41:00', '16:00:00', 'HADIR', 'Wednesday'),
(527, 'Niko Septian Ha', '1766153601', '2025-10-02', NULL, NULL, '07:40:00', '16:03:00', 'HADIR', 'Thursday'),
(528, 'Niko Septian Ha', '1766153601', '2025-10-03', NULL, NULL, '07:04:00', '17:02:00', 'HADIR', 'Friday'),
(529, 'Niko Septian Ha', '1766153601', '2025-10-06', NULL, NULL, '07:18:00', '17:11:00', 'HADIR', 'Monday'),
(530, 'Niko Septian Ha', '1766153601', '2025-10-07', NULL, NULL, '07:00:00', '16:07:00', 'HADIR', 'Tuesday'),
(531, 'Niko Septian Ha', '1766153601', '2025-10-08', NULL, NULL, '07:35:00', '16:02:00', 'HADIR', 'Wednesday'),
(532, 'Niko Septian Ha', '1766153601', '2025-10-09', NULL, NULL, '06:54:00', '16:15:00', 'HADIR', 'Thursday'),
(533, 'Niko Septian Ha', '1766153601', '2025-10-10', NULL, NULL, '07:17:00', '16:30:00', 'HADIR', 'Friday'),
(534, 'Niko Septian Ha', '1766153601', '2025-10-13', NULL, NULL, '07:22:00', '17:05:00', 'HADIR', 'Monday'),
(535, 'Niko Septian Ha', '1766153601', '2025-10-14', NULL, NULL, '07:15:00', '16:30:00', 'HADIR', 'Tuesday'),
(536, 'Niko Septian Ha', '1766153601', '2025-10-15', NULL, NULL, '07:39:00', '16:56:00', 'HADIR', 'Wednesday'),
(537, 'Niko Septian Ha', '1766153601', '2025-10-16', NULL, NULL, '07:55:00', '16:15:00', 'HADIR', 'Thursday'),
(538, 'Niko Septian Ha', '1766153601', '2025-10-17', NULL, NULL, '07:54:00', '16:36:00', 'HADIR', 'Friday'),
(539, 'Niko Septian Ha', '1766153601', '2025-10-20', NULL, NULL, '07:33:00', '16:00:00', 'HADIR', 'Monday'),
(540, 'Niko Septian Ha', '1766153601', '2025-10-21', NULL, NULL, '07:14:00', '16:07:00', 'HADIR', 'Tuesday'),
(541, 'Niko Septian Ha', '1766153601', '2025-10-22', NULL, NULL, '07:05:00', '16:25:00', 'HADIR', 'Wednesday'),
(542, 'Niko Septian Ha', '1766153601', '2025-10-23', NULL, NULL, '07:37:00', '16:00:00', 'HADIR', 'Thursday'),
(543, 'Niko Septian Ha', '1766153601', '2025-10-24', NULL, NULL, '07:08:00', '16:16:00', 'HADIR', 'Friday'),
(544, 'Niko Septian Ha', '1766153601', '2025-10-27', NULL, NULL, '07:16:00', '16:11:00', 'HADIR', 'Monday'),
(545, 'Niko Septian Ha', '1766153601', '2025-10-28', NULL, NULL, '06:55:00', '16:38:00', 'HADIR', 'Tuesday'),
(546, 'Niko Septian Ha', '1766153601', '2025-10-29', NULL, NULL, '07:42:00', '17:03:00', 'HADIR', 'Wednesday'),
(547, 'Niko Septian Ha', '1766153601', '2025-10-30', NULL, NULL, '07:22:00', '16:10:00', 'HADIR', 'Thursday'),
(548, 'Niko Septian Ha', '1766153601', '2025-10-31', NULL, NULL, '06:44:00', '19:16:00', 'HADIR', 'Friday'),
(549, 'Eroh Rohayati,', '1766153603', '2025-10-01', NULL, NULL, '07:14:00', '16:30:00', 'HADIR', 'Wednesday'),
(550, 'Eroh Rohayati,', '1766153603', '2025-10-02', NULL, NULL, '06:57:00', '16:25:00', 'HADIR', 'Thursday'),
(551, 'Eroh Rohayati,', '1766153603', '2025-10-03', NULL, NULL, '06:57:00', '17:36:00', 'HADIR', 'Friday'),
(552, 'Eroh Rohayati,', '1766153603', '2025-10-06', NULL, NULL, '06:59:00', '17:35:00', 'HADIR', 'Monday'),
(553, 'Eroh Rohayati,', '1766153603', '2025-10-07', NULL, NULL, '07:09:00', '17:34:00', 'HADIR', 'Tuesday'),
(554, 'Eroh Rohayati,', '1766153603', '2025-10-08', NULL, NULL, '07:35:00', '16:18:00', 'HADIR', 'Wednesday'),
(555, 'Eroh Rohayati,', '1766153603', '2025-10-09', NULL, NULL, '07:11:00', '17:24:00', 'HADIR', 'Thursday'),
(556, 'Eroh Rohayati,', '1766153603', '2025-10-10', NULL, NULL, '07:32:00', '17:11:00', 'HADIR', 'Friday'),
(557, 'Eroh Rohayati,', '1766153603', '2025-10-13', NULL, NULL, '06:42:00', '17:35:00', 'HADIR', 'Monday'),
(558, 'Eroh Rohayati,', '1766153603', '2025-10-14', NULL, NULL, '06:53:00', '16:23:00', 'HADIR', 'Tuesday'),
(559, 'Eroh Rohayati,', '1766153603', '2025-10-15', NULL, NULL, '06:56:00', '16:07:00', 'HADIR', 'Wednesday'),
(560, 'Eroh Rohayati,', '1766153603', '2025-10-16', NULL, NULL, '07:11:00', '17:09:00', 'HADIR', 'Thursday'),
(561, 'Eroh Rohayati,', '1766153603', '2025-10-17', NULL, NULL, '06:57:00', '17:02:00', 'HADIR', 'Friday'),
(562, 'Eroh Rohayati,', '1766153603', '2025-10-20', NULL, NULL, '06:49:00', '16:23:00', 'HADIR', 'Monday'),
(563, 'Eroh Rohayati,', '1766153603', '2025-10-21', NULL, NULL, '07:04:00', '16:35:00', 'HADIR', 'Tuesday'),
(564, 'Eroh Rohayati,', '1766153603', '2025-10-22', NULL, NULL, '07:04:00', '16:02:00', 'HADIR', 'Wednesday'),
(565, 'Eroh Rohayati,', '1766153603', '2025-10-23', NULL, NULL, '06:38:00', '16:18:00', 'HADIR', 'Thursday'),
(566, 'Eroh Rohayati,', '1766153603', '2025-10-24', NULL, NULL, '07:25:00', '16:57:00', 'HADIR', 'Friday'),
(567, 'Eroh Rohayati,', '1766153603', '2025-10-27', NULL, NULL, '07:10:00', '16:03:00', 'HADIR', 'Monday'),
(568, 'Eroh Rohayati,', '1766153603', '2025-10-28', NULL, NULL, '07:10:00', '16:12:00', 'HADIR', 'Tuesday'),
(569, 'Eroh Rohayati,', '1766153603', '2025-10-29', NULL, NULL, '07:04:00', '16:14:00', 'HADIR', 'Wednesday'),
(570, 'Eroh Rohayati,', '1766153603', '2025-10-30', NULL, NULL, '07:04:00', '16:23:00', 'HADIR', 'Thursday'),
(571, 'Eroh Rohayati,', '1766153603', '2025-10-31', NULL, NULL, '07:23:00', '18:43:00', 'HADIR', 'Friday'),
(595, 'Raden Adhi Ilha', '1766153606', '2025-10-01', NULL, NULL, '08:16:00', '16:22:00', 'HADIR', 'Wednesday'),
(596, 'Raden Adhi Ilha', '1766153606', '2025-10-02', NULL, NULL, '08:41:00', '16:56:00', 'HADIR', 'Thursday'),
(597, 'Raden Adhi Ilha', '1766153606', '2025-10-03', NULL, NULL, '08:43:00', NULL, 'HADIR', 'Friday'),
(598, 'Raden Adhi Ilha', '1766153606', '2025-10-06', NULL, NULL, '07:41:00', '16:01:00', 'HADIR', 'Monday'),
(599, 'Raden Adhi Ilha', '1766153606', '2025-10-07', NULL, NULL, '07:58:00', '17:30:00', 'HADIR', 'Tuesday'),
(600, 'Raden Adhi Ilha', '1766153606', '2025-10-08', NULL, NULL, '11:23:00', '17:13:00', 'HADIR', 'Wednesday'),
(601, 'Raden Adhi Ilha', '1766153606', '2025-10-09', NULL, NULL, '08:27:00', '16:53:00', 'HADIR', 'Thursday'),
(602, 'Raden Adhi Ilha', '1766153606', '2025-10-10', NULL, NULL, '08:35:00', '16:39:00', 'HADIR', 'Friday'),
(603, 'Raden Adhi Ilha', '1766153606', '2025-10-16', NULL, NULL, '11:56:00', '16:19:00', 'HADIR', 'Thursday'),
(604, 'Raden Adhi Ilha', '1766153606', '2025-10-17', NULL, NULL, '11:30:00', '16:40:00', 'HADIR', 'Friday'),
(605, 'Raden Adhi Ilha', '1766153606', '2025-10-20', NULL, NULL, '09:23:00', '16:08:00', 'HADIR', 'Monday'),
(606, 'Raden Adhi Ilha', '1766153606', '2025-10-22', NULL, NULL, '09:38:00', '16:36:00', 'HADIR', 'Wednesday'),
(607, 'Raden Adhi Ilha', '1766153606', '2025-10-23', NULL, NULL, '08:44:00', '16:19:00', 'HADIR', 'Thursday'),
(608, 'Raden Adhi Ilha', '1766153606', '2025-10-24', NULL, NULL, '10:02:00', '16:38:00', 'HADIR', 'Friday'),
(609, 'Raden Adhi Ilha', '1766153606', '2025-10-27', NULL, NULL, '08:15:00', '16:12:00', 'HADIR', 'Monday'),
(610, 'Raden Adhi Ilha', '1766153606', '2025-10-28', NULL, NULL, '08:40:00', '17:01:00', 'HADIR', 'Tuesday'),
(611, 'Raden Adhi Ilha', '1766153606', '2025-10-29', NULL, NULL, '09:04:00', '18:19:00', 'HADIR', 'Wednesday'),
(612, 'Raden Adhi Ilha', '1766153606', '2025-10-30', NULL, NULL, '09:11:00', '16:50:00', 'HADIR', 'Thursday'),
(613, 'Raden Adhi Ilha', '1766153606', '2025-10-31', NULL, NULL, '11:20:00', '19:29:00', 'HADIR', 'Friday'),
(614, 'Ika Mediyanti,', '1766153607', '2025-10-01', NULL, NULL, '08:30:00', '20:28:00', 'HADIR', 'Wednesday'),
(615, 'Ika Mediyanti,', '1766153607', '2025-10-02', NULL, NULL, '08:26:00', NULL, 'HADIR', 'Thursday'),
(616, 'Ika Mediyanti,', '1766153607', '2025-10-03', NULL, NULL, '09:01:00', '19:34:00', 'HADIR', 'Friday'),
(617, 'Ika Mediyanti,', '1766153607', '2025-10-06', NULL, NULL, '22:10:00', NULL, 'HADIR', 'Monday'),
(618, 'Ika Mediyanti,', '1766153607', '2025-10-07', NULL, NULL, '08:26:00', NULL, 'HADIR', 'Tuesday'),
(619, 'Ika Mediyanti,', '1766153607', '2025-10-10', NULL, NULL, '22:07:00', NULL, 'HADIR', 'Friday'),
(620, 'Ika Mediyanti,', '1766153607', '2025-10-11', NULL, NULL, '07:15:00', '22:19:00', 'HADIR', 'Saturday'),
(621, 'Ika Mediyanti,', '1766153607', '2025-10-12', NULL, NULL, '07:35:00', NULL, 'HADIR', 'Sunday'),
(622, 'Ika Mediyanti,', '1766153607', '2025-10-13', NULL, NULL, '07:28:00', '16:32:00', 'HADIR', 'Monday'),
(623, 'Ika Mediyanti,', '1766153607', '2025-10-14', NULL, NULL, '08:09:00', '19:32:00', 'HADIR', 'Tuesday'),
(624, 'Ika Mediyanti,', '1766153607', '2025-10-15', NULL, NULL, '21:08:00', NULL, 'HADIR', 'Wednesday'),
(625, 'Ika Mediyanti,', '1766153607', '2025-10-16', NULL, NULL, '09:10:00', '21:23:00', 'HADIR', 'Thursday'),
(626, 'Ika Mediyanti,', '1766153607', '2025-10-17', NULL, NULL, '07:23:00', NULL, 'HADIR', 'Friday'),
(627, 'Ika Mediyanti,', '1766153607', '2025-10-18', NULL, NULL, '12:38:00', '19:59:00', 'HADIR', 'Saturday'),
(628, 'Ika Mediyanti,', '1766153607', '2025-10-20', NULL, NULL, '07:27:00', '19:30:00', 'HADIR', 'Monday'),
(629, 'Ika Mediyanti,', '1766153607', '2025-10-23', NULL, NULL, '07:41:00', '19:07:00', 'HADIR', 'Thursday'),
(630, 'Ika Mediyanti,', '1766153607', '2025-10-26', NULL, NULL, '19:49:00', NULL, 'HADIR', 'Sunday'),
(631, 'Ika Mediyanti,', '1766153607', '2025-10-27', NULL, NULL, '08:08:00', NULL, 'HADIR', 'Monday'),
(632, 'Ika Mediyanti,', '1766153607', '2025-10-28', NULL, NULL, '08:39:00', '19:36:00', 'HADIR', 'Tuesday'),
(633, 'Ika Mediyanti,', '1766153607', '2025-10-30', NULL, NULL, '08:10:00', '19:21:00', 'HADIR', 'Thursday'),
(634, 'Ika Mediyanti,', '1766153607', '2025-10-31', NULL, NULL, '08:52:00', '11:49:00', 'HADIR', 'Friday'),
(635, 'Herlila Dwi Wah', '1766153609', '2025-10-04', NULL, NULL, '11:57:00', '19:19:00', 'HADIR', 'Saturday'),
(636, 'Herlila Dwi Wah', '1766153609', '2025-10-06', NULL, NULL, '20:30:00', NULL, 'HADIR', 'Monday'),
(637, 'Herlila Dwi Wah', '1766153609', '2025-10-07', NULL, NULL, '21:31:00', NULL, 'HADIR', 'Tuesday'),
(638, 'Herlila Dwi Wah', '1766153609', '2025-10-09', NULL, NULL, '10:16:00', '19:15:00', 'HADIR', 'Thursday'),
(639, 'Herlila Dwi Wah', '1766153609', '2025-10-11', NULL, NULL, '20:31:00', NULL, 'HADIR', 'Saturday'),
(640, 'Herlila Dwi Wah', '1766153609', '2025-10-12', NULL, NULL, '07:35:00', '22:04:00', 'HADIR', 'Sunday'),
(641, 'Herlila Dwi Wah', '1766153609', '2025-10-13', NULL, NULL, '07:09:00', NULL, 'HADIR', 'Monday'),
(642, 'Herlila Dwi Wah', '1766153609', '2025-10-16', NULL, NULL, '21:09:00', NULL, 'HADIR', 'Thursday'),
(643, 'Herlila Dwi Wah', '1766153609', '2025-10-17', NULL, NULL, '20:57:00', NULL, 'HADIR', 'Friday'),
(644, 'Herlila Dwi Wah', '1766153609', '2025-10-18', NULL, NULL, '09:50:00', NULL, 'HADIR', 'Saturday'),
(645, 'Herlila Dwi Wah', '1766153609', '2025-10-19', NULL, NULL, '10:27:00', '18:18:00', 'HADIR', 'Sunday'),
(646, 'Herlila Dwi Wah', '1766153609', '2025-10-22', NULL, NULL, '22:44:00', NULL, 'HADIR', 'Wednesday'),
(647, 'Herlila Dwi Wah', '1766153609', '2025-10-23', NULL, NULL, '07:27:00', NULL, 'HADIR', 'Thursday'),
(648, 'Herlila Dwi Wah', '1766153609', '2025-10-24', NULL, NULL, '10:04:00', '19:33:00', 'HADIR', 'Friday'),
(649, 'Herlila Dwi Wah', '1766153609', '2025-10-25', NULL, NULL, '18:14:00', '19:15:00', 'HADIR', 'Saturday'),
(650, 'Herlila Dwi Wah', '1766153609', '2025-10-29', NULL, NULL, '10:22:00', '19:48:00', 'HADIR', 'Wednesday'),
(651, 'Herlila Dwi Wah', '1766153609', '2025-10-31', NULL, NULL, '22:57:00', NULL, 'HADIR', 'Friday'),
(652, 'Korri Annisa, A', '1766153610', '2025-10-02', NULL, NULL, '08:52:00', '19:47:00', 'HADIR', 'Thursday'),
(653, 'Korri Annisa, A', '1766153610', '2025-10-05', NULL, NULL, '20:24:00', NULL, 'HADIR', 'Sunday'),
(654, 'Korri Annisa, A', '1766153610', '2025-10-06', NULL, NULL, '15:05:00', NULL, 'HADIR', 'Monday'),
(655, 'Korri Annisa, A', '1766153610', '2025-10-07', NULL, NULL, '07:41:00', '20:40:00', 'HADIR', 'Tuesday'),
(656, 'Korri Annisa, A', '1766153610', '2025-10-09', NULL, NULL, '19:47:00', NULL, 'HADIR', 'Thursday'),
(657, 'Korri Annisa, A', '1766153610', '2025-10-10', NULL, NULL, '08:04:00', '21:30:00', 'HADIR', 'Friday'),
(658, 'Korri Annisa, A', '1766153610', '2025-10-11', NULL, NULL, '07:55:00', NULL, 'HADIR', 'Saturday'),
(659, 'Korri Annisa, A', '1766153610', '2025-10-12', NULL, NULL, '08:15:00', '19:40:00', 'HADIR', 'Sunday'),
(660, 'Korri Annisa, A', '1766153610', '2025-10-14', NULL, NULL, '19:11:00', NULL, 'HADIR', 'Tuesday'),
(661, 'Korri Annisa, A', '1766153610', '2025-10-15', NULL, NULL, '08:37:00', '19:43:00', 'HADIR', 'Wednesday'),
(662, 'Korri Annisa, A', '1766153610', '2025-10-16', NULL, NULL, '08:21:00', NULL, 'HADIR', 'Thursday'),
(663, 'Korri Annisa, A', '1766153610', '2025-10-17', NULL, NULL, '07:43:00', '21:14:00', 'HADIR', 'Friday'),
(664, 'Korri Annisa, A', '1766153610', '2025-10-19', NULL, NULL, '19:49:00', NULL, 'HADIR', 'Sunday'),
(665, 'Korri Annisa, A', '1766153610', '2025-10-20', NULL, NULL, '09:01:00', '19:25:00', 'HADIR', 'Monday'),
(666, 'Korri Annisa, A', '1766153610', '2025-10-21', NULL, NULL, '08:32:00', NULL, 'HADIR', 'Tuesday'),
(667, 'Korri Annisa, A', '1766153610', '2025-10-22', NULL, NULL, '07:23:00', '22:54:00', 'HADIR', 'Wednesday'),
(668, 'Korri Annisa, A', '1766153610', '2025-10-25', NULL, NULL, '19:50:00', NULL, 'HADIR', 'Saturday'),
(669, 'Korri Annisa, A', '1766153610', '2025-10-26', NULL, NULL, '07:01:00', NULL, 'HADIR', 'Sunday'),
(670, 'Korri Annisa, A', '1766153610', '2025-10-27', NULL, NULL, '07:11:00', '20:37:00', 'HADIR', 'Monday'),
(671, 'Korri Annisa, A', '1766153610', '2025-10-30', NULL, NULL, '19:28:00', NULL, 'HADIR', 'Thursday'),
(672, 'Korri Annisa, A', '1766153610', '2025-10-31', NULL, NULL, '09:38:00', '12:37:00', 'HADIR', 'Friday'),
(673, 'Septilia Dindas', '1766153611', '2025-10-01', NULL, NULL, '07:25:00', '19:10:00', 'HADIR', 'Wednesday'),
(674, 'Septilia Dindas', '1766153611', '2025-10-02', NULL, NULL, '07:27:00', '16:29:00', 'HADIR', 'Thursday'),
(675, 'Septilia Dindas', '1766153611', '2025-10-03', NULL, NULL, '07:18:00', '16:20:00', 'HADIR', 'Friday'),
(676, 'Septilia Dindas', '1766153611', '2025-10-06', NULL, NULL, '08:30:00', '18:02:00', 'HADIR', 'Monday'),
(677, 'Septilia Dindas', '1766153611', '2025-10-07', NULL, NULL, '07:26:00', '19:58:00', 'HADIR', 'Tuesday'),
(678, 'Septilia Dindas', '1766153611', '2025-10-08', NULL, NULL, '07:26:00', '18:57:00', 'HADIR', 'Wednesday'),
(679, 'Septilia Dindas', '1766153611', '2025-10-09', NULL, NULL, '07:39:00', '16:51:00', 'HADIR', 'Thursday'),
(680, 'Septilia Dindas', '1766153611', '2025-10-10', NULL, NULL, '07:29:00', '16:32:00', 'HADIR', 'Friday'),
(681, 'Septilia Dindas', '1766153611', '2025-10-13', NULL, NULL, '07:20:00', '19:10:00', 'HADIR', 'Monday'),
(682, 'Septilia Dindas', '1766153611', '2025-10-14', NULL, NULL, '07:29:00', '17:17:00', 'HADIR', 'Tuesday'),
(683, 'Septilia Dindas', '1766153611', '2025-10-15', NULL, NULL, '07:25:00', '16:55:00', 'HADIR', 'Wednesday'),
(684, 'Septilia Dindas', '1766153611', '2025-10-16', NULL, NULL, '07:26:00', '16:39:00', 'HADIR', 'Thursday'),
(685, 'Septilia Dindas', '1766153611', '2025-10-17', NULL, NULL, '07:27:00', '16:52:00', 'HADIR', 'Friday'),
(686, 'Septilia Dindas', '1766153611', '2025-10-20', NULL, NULL, '07:24:00', '17:17:00', 'HADIR', 'Monday'),
(687, 'Septilia Dindas', '1766153611', '2025-10-21', NULL, NULL, '07:20:00', '20:05:00', 'HADIR', 'Tuesday'),
(688, 'Septilia Dindas', '1766153611', '2025-10-22', NULL, NULL, '07:27:00', '20:05:00', 'HADIR', 'Wednesday'),
(689, 'Septilia Dindas', '1766153611', '2025-10-23', NULL, NULL, '07:22:00', '16:18:00', 'HADIR', 'Thursday'),
(690, 'Septilia Dindas', '1766153611', '2025-10-24', NULL, NULL, '07:12:00', '18:42:00', 'HADIR', 'Friday'),
(691, 'Septilia Dindas', '1766153611', '2025-10-27', NULL, NULL, '07:21:00', '16:24:00', 'HADIR', 'Monday'),
(692, 'Septilia Dindas', '1766153611', '2025-10-28', NULL, NULL, '07:26:00', '18:56:00', 'HADIR', 'Tuesday'),
(693, 'Septilia Dindas', '1766153611', '2025-10-29', NULL, NULL, '07:25:00', '17:20:00', 'HADIR', 'Wednesday'),
(694, 'Septilia Dindas', '1766153611', '2025-10-30', NULL, NULL, '08:00:00', NULL, 'HADIR', 'Thursday'),
(695, 'Septilia Dindas', '1766153611', '2025-10-31', NULL, NULL, '07:27:00', '18:31:00', 'HADIR', 'Friday'),
(696, 'NS. Nouva Prana', '1766153612', '2025-10-01', NULL, NULL, '08:44:00', '12:14:00', 'HADIR', 'Wednesday'),
(697, 'NS. Nouva Prana', '1766153612', '2025-10-04', NULL, NULL, '20:04:00', NULL, 'HADIR', 'Saturday'),
(698, 'NS. Nouva Prana', '1766153612', '2025-10-05', NULL, NULL, '11:11:00', NULL, 'HADIR', 'Sunday'),
(699, 'NS. Nouva Prana', '1766153612', '2025-10-06', NULL, NULL, '05:50:00', '21:45:00', 'HADIR', 'Monday'),
(700, 'NS. Nouva Prana', '1766153612', '2025-10-08', NULL, NULL, '19:27:00', '20:32:00', 'HADIR', 'Wednesday'),
(701, 'NS. Nouva Prana', '1766153612', '2025-10-09', NULL, NULL, '16:03:00', '19:19:00', 'HADIR', 'Thursday'),
(702, 'NS. Nouva Prana', '1766153612', '2025-10-10', NULL, NULL, '17:15:00', '23:19:00', 'HADIR', 'Friday'),
(703, 'NS. Nouva Prana', '1766153612', '2025-10-11', NULL, NULL, '11:29:00', NULL, 'HADIR', 'Saturday'),
(704, 'NS. Nouva Prana', '1766153612', '2025-10-12', NULL, NULL, '02:36:00', NULL, 'HADIR', 'Sunday'),
(705, 'NS. Nouva Prana', '1766153612', '2025-10-13', NULL, NULL, '20:50:00', NULL, 'HADIR', 'Monday'),
(706, 'NS. Nouva Prana', '1766153612', '2025-10-14', NULL, NULL, '17:07:00', '18:36:00', 'HADIR', 'Tuesday'),
(707, 'NS. Nouva Prana', '1766153612', '2025-10-15', NULL, NULL, '18:46:00', NULL, 'HADIR', 'Wednesday'),
(708, 'NS. Nouva Prana', '1766153612', '2025-10-16', NULL, NULL, '09:33:00', '20:14:00', 'HADIR', 'Thursday'),
(709, 'NS. Nouva Prana', '1766153612', '2025-10-19', NULL, NULL, '21:21:00', NULL, 'HADIR', 'Sunday'),
(710, 'NS. Nouva Prana', '1766153612', '2025-10-20', NULL, NULL, '17:04:00', NULL, 'HADIR', 'Monday'),
(711, 'NS. Nouva Prana', '1766153612', '2025-10-21', NULL, NULL, '06:07:00', '22:28:00', 'HADIR', 'Tuesday'),
(712, 'NS. Nouva Prana', '1766153612', '2025-10-24', NULL, NULL, '20:56:00', NULL, 'HADIR', 'Friday'),
(713, 'NS. Nouva Prana', '1766153612', '2025-10-25', NULL, NULL, '16:15:00', NULL, 'HADIR', 'Saturday'),
(714, 'NS. Nouva Prana', '1766153612', '2025-10-26', NULL, NULL, '07:10:00', '21:37:00', 'HADIR', 'Sunday'),
(715, 'NS. Nouva Prana', '1766153612', '2025-10-29', NULL, NULL, '20:16:00', NULL, 'HADIR', 'Wednesday'),
(716, 'NS. Nouva Prana', '1766153612', '2025-10-30', NULL, NULL, '20:01:00', NULL, 'HADIR', 'Thursday'),
(717, 'NS. Nouva Prana', '1766153612', '2025-10-31', NULL, NULL, '06:32:00', NULL, 'HADIR', 'Friday'),
(718, 'Ade Pandawa', 'DS051', '2025-10-02', NULL, NULL, '21:50:00', NULL, 'HADIR', 'Thursday'),
(719, 'Ade Pandawa', 'DS051', '2025-10-03', NULL, NULL, '05:40:00', '21:18:00', 'HADIR', 'Friday'),
(720, 'Ade Pandawa', 'DS051', '2025-10-04', NULL, NULL, '14:18:00', NULL, 'HADIR', 'Saturday'),
(721, 'Ade Pandawa', 'DS051', '2025-10-05', NULL, NULL, '09:08:00', '19:00:00', 'HADIR', 'Sunday'),
(722, 'Ade Pandawa', 'DS051', '2025-10-07', NULL, NULL, '21:32:00', NULL, 'HADIR', 'Tuesday'),
(723, 'Ade Pandawa', 'DS051', '2025-10-08', NULL, NULL, '05:59:00', '21:42:00', 'HADIR', 'Wednesday'),
(724, 'Ade Pandawa', 'DS051', '2025-10-09', NULL, NULL, '14:45:00', NULL, 'HADIR', 'Thursday'),
(725, 'Ade Pandawa', 'DS051', '2025-10-10', NULL, NULL, '09:39:00', '19:25:00', 'HADIR', 'Friday'),
(726, 'Ade Pandawa', 'DS051', '2025-10-12', NULL, NULL, '22:05:00', NULL, 'HADIR', 'Sunday'),
(727, 'Ade Pandawa', 'DS051', '2025-10-13', NULL, NULL, '05:56:00', '22:03:00', 'HADIR', 'Monday'),
(728, 'Ade Pandawa', 'DS051', '2025-10-14', NULL, NULL, '06:11:00', NULL, 'HADIR', 'Tuesday'),
(729, 'Ade Pandawa', 'DS051', '2025-10-15', NULL, NULL, '10:16:00', NULL, 'HADIR', 'Wednesday'),
(730, 'Ade Pandawa', 'DS051', '2025-10-17', NULL, NULL, '20:43:00', NULL, 'HADIR', 'Friday'),
(731, 'Ade Pandawa', 'DS051', '2025-10-18', NULL, NULL, '09:49:00', '22:27:00', 'HADIR', 'Saturday'),
(732, 'Ade Pandawa', 'DS051', '2025-10-21', NULL, NULL, '21:46:00', NULL, 'HADIR', 'Tuesday'),
(733, 'Ade Pandawa', 'DS051', '2025-10-22', NULL, NULL, '05:53:00', NULL, 'HADIR', 'Wednesday'),
(734, 'Ade Pandawa', 'DS051', '2025-10-23', NULL, NULL, '05:48:00', '21:48:00', 'HADIR', 'Thursday'),
(735, 'Ade Pandawa', 'DS051', '2025-10-25', NULL, NULL, '11:00:00', '19:18:00', 'HADIR', 'Saturday'),
(736, 'Ade Pandawa', 'DS051', '2025-10-27', NULL, NULL, '22:04:00', NULL, 'HADIR', 'Monday'),
(737, 'Ade Pandawa', 'DS051', '2025-10-28', NULL, NULL, '21:59:00', NULL, 'HADIR', 'Tuesday'),
(738, 'Ade Pandawa', 'DS051', '2025-10-29', NULL, NULL, '14:42:00', NULL, 'HADIR', 'Wednesday'),
(739, 'Ade Pandawa', 'DS051', '2025-10-31', NULL, NULL, '22:41:00', NULL, 'HADIR', 'Friday'),
(740, 'Novanta Nur Sya', '1766153614', '2025-10-01', NULL, NULL, '09:42:00', '16:12:00', 'HADIR', 'Wednesday'),
(741, 'Novanta Nur Sya', '1766153614', '2025-10-02', NULL, NULL, '08:29:00', '16:15:00', 'HADIR', 'Thursday'),
(742, 'Novanta Nur Sya', '1766153614', '2025-10-07', NULL, NULL, '08:07:00', '16:16:00', 'HADIR', 'Tuesday'),
(743, 'Novanta Nur Sya', '1766153614', '2025-10-08', NULL, NULL, '09:18:00', '16:27:00', 'HADIR', 'Wednesday'),
(744, 'Novanta Nur Sya', '1766153614', '2025-10-09', NULL, NULL, '08:43:00', '16:06:00', 'HADIR', 'Thursday'),
(745, 'Novanta Nur Sya', '1766153614', '2025-10-10', NULL, NULL, '09:22:00', '16:51:00', 'HADIR', 'Friday'),
(746, 'Novanta Nur Sya', '1766153614', '2025-10-13', NULL, NULL, '07:27:00', '16:04:00', 'HADIR', 'Monday'),
(747, 'Novanta Nur Sya', '1766153614', '2025-10-15', NULL, NULL, '08:42:00', '16:43:00', 'HADIR', 'Wednesday'),
(748, 'Novanta Nur Sya', '1766153614', '2025-10-16', NULL, NULL, '09:01:00', '16:06:00', 'HADIR', 'Thursday'),
(749, 'Novanta Nur Sya', '1766153614', '2025-10-17', NULL, NULL, '10:59:00', '16:33:00', 'HADIR', 'Friday'),
(750, 'Novanta Nur Sya', '1766153614', '2025-10-21', NULL, NULL, '16:16:00', NULL, 'HADIR', 'Tuesday'),
(751, 'Novanta Nur Sya', '1766153614', '2025-10-22', NULL, NULL, '07:22:00', '16:39:00', 'HADIR', 'Wednesday'),
(752, 'Novanta Nur Sya', '1766153614', '2025-10-23', NULL, NULL, '16:20:00', NULL, 'HADIR', 'Thursday'),
(753, 'Novanta Nur Sya', '1766153614', '2025-10-27', NULL, NULL, '07:31:00', '16:07:00', 'HADIR', 'Monday'),
(754, 'Novanta Nur Sya', '1766153614', '2025-10-28', NULL, NULL, '10:24:00', '16:14:00', 'HADIR', 'Tuesday'),
(755, 'Novanta Nur Sya', '1766153614', '2025-10-29', NULL, NULL, '10:14:00', '16:54:00', 'HADIR', 'Wednesday'),
(756, 'Novanta Nur Sya', '1766153614', '2025-10-30', NULL, NULL, '07:32:00', '16:26:00', 'HADIR', 'Thursday'),
(757, 'Novanta Nur Sya', '1766153614', '2025-10-31', NULL, NULL, '10:20:00', '18:00:00', 'HADIR', 'Friday'),
(758, 'Hasan Basri, S.', '1766153615', '2025-10-01', NULL, NULL, '07:19:00', '16:03:00', 'HADIR', 'Wednesday'),
(759, 'Hasan Basri, S.', '1766153615', '2025-10-02', NULL, NULL, '07:14:00', '16:38:00', 'HADIR', 'Thursday'),
(760, 'Hasan Basri, S.', '1766153615', '2025-10-03', NULL, NULL, '06:46:00', '16:51:00', 'HADIR', 'Friday'),
(761, 'Hasan Basri, S.', '1766153615', '2025-10-06', NULL, NULL, '07:17:00', '16:03:00', 'HADIR', 'Monday'),
(762, 'Hasan Basri, S.', '1766153615', '2025-10-07', NULL, NULL, '07:19:00', '16:01:00', 'HADIR', 'Tuesday'),
(763, 'Hasan Basri, S.', '1766153615', '2025-10-08', NULL, NULL, '07:45:00', '16:08:00', 'HADIR', 'Wednesday'),
(764, 'Hasan Basri, S.', '1766153615', '2025-10-09', NULL, NULL, '07:14:00', NULL, 'HADIR', 'Thursday'),
(765, 'Hasan Basri, S.', '1766153615', '2025-10-13', NULL, NULL, '07:14:00', NULL, 'HADIR', 'Monday'),
(766, 'Hasan Basri, S.', '1766153615', '2025-10-20', NULL, NULL, '07:10:00', NULL, 'HADIR', 'Monday'),
(767, 'Hasan Basri, S.', '1766153615', '2025-10-22', NULL, NULL, '07:26:00', '16:04:00', 'HADIR', 'Wednesday'),
(768, 'Hasan Basri, S.', '1766153615', '2025-10-23', NULL, NULL, '07:23:00', NULL, 'HADIR', 'Thursday'),
(769, 'Hasan Basri, S.', '1766153615', '2025-10-24', NULL, NULL, '07:18:00', NULL, 'HADIR', 'Friday'),
(770, 'Hasan Basri, S.', '1766153615', '2025-10-27', NULL, NULL, '07:17:00', NULL, 'HADIR', 'Monday'),
(771, 'Hasan Basri, S.', '1766153615', '2025-10-28', NULL, NULL, '07:17:00', '16:00:00', 'HADIR', 'Tuesday'),
(772, 'Hasan Basri, S.', '1766153615', '2025-10-29', NULL, NULL, '07:32:00', NULL, 'HADIR', 'Wednesday'),
(773, 'Hasan Basri, S.', '1766153615', '2025-10-30', NULL, NULL, '07:20:00', '16:04:00', 'HADIR', 'Thursday'),
(774, 'Hasan Basri, S.', '1766153615', '2025-10-31', NULL, NULL, '07:14:00', '16:45:00', 'HADIR', 'Friday'),
(775, 'Darmendra Febri', '1766153616', '2025-10-01', NULL, NULL, '06:48:00', '19:05:00', 'HADIR', 'Wednesday'),
(776, 'Darmendra Febri', '1766153616', '2025-10-02', NULL, NULL, '06:45:00', '19:33:00', 'HADIR', 'Thursday'),
(777, 'Darmendra Febri', '1766153616', '2025-10-03', NULL, NULL, '06:35:00', '17:20:00', 'HADIR', 'Friday'),
(778, 'Darmendra Febri', '1766153616', '2025-10-06', NULL, NULL, '06:30:00', '18:39:00', 'HADIR', 'Monday'),
(779, 'Darmendra Febri', '1766153616', '2025-10-07', NULL, NULL, '06:40:00', '22:15:00', 'HADIR', 'Tuesday'),
(780, 'Darmendra Febri', '1766153616', '2025-10-08', NULL, NULL, '07:03:00', '19:30:00', 'HADIR', 'Wednesday'),
(781, 'Darmendra Febri', '1766153616', '2025-10-09', NULL, NULL, '06:26:00', '17:16:00', 'HADIR', 'Thursday'),
(782, 'Darmendra Febri', '1766153616', '2025-10-10', NULL, NULL, '06:42:00', '17:20:00', 'HADIR', 'Friday'),
(783, 'Darmendra Febri', '1766153616', '2025-10-13', NULL, NULL, '06:22:00', '19:38:00', 'HADIR', 'Monday'),
(784, 'Darmendra Febri', '1766153616', '2025-10-14', NULL, NULL, '06:29:00', '19:34:00', 'HADIR', 'Tuesday'),
(785, 'Darmendra Febri', '1766153616', '2025-10-15', NULL, NULL, '06:24:00', '19:28:00', 'HADIR', 'Wednesday'),
(786, 'Darmendra Febri', '1766153616', '2025-10-16', NULL, NULL, '06:17:00', '20:43:00', 'HADIR', 'Thursday'),
(787, 'Darmendra Febri', '1766153616', '2025-10-17', NULL, NULL, '06:29:00', NULL, 'HADIR', 'Friday'),
(788, 'Darmendra Febri', '1766153616', '2025-10-20', NULL, NULL, '05:59:00', '20:57:00', 'HADIR', 'Monday'),
(789, 'Darmendra Febri', '1766153616', '2025-10-21', NULL, NULL, '06:14:00', '20:05:00', 'HADIR', 'Tuesday'),
(790, 'Darmendra Febri', '1766153616', '2025-10-22', NULL, NULL, '06:46:00', '20:38:00', 'HADIR', 'Wednesday'),
(791, 'Darmendra Febri', '1766153616', '2025-10-23', NULL, NULL, '06:31:00', '18:16:00', 'HADIR', 'Thursday'),
(792, 'Darmendra Febri', '1766153616', '2025-10-24', NULL, NULL, '06:36:00', NULL, 'HADIR', 'Friday'),
(793, 'Darmendra Febri', '1766153616', '2025-10-27', NULL, NULL, '06:05:00', '21:05:00', 'HADIR', 'Monday'),
(794, 'Darmendra Febri', '1766153616', '2025-10-28', NULL, NULL, '06:29:00', '16:56:00', 'HADIR', 'Tuesday'),
(795, 'Darmendra Febri', '1766153616', '2025-10-29', NULL, NULL, '06:29:00', '20:23:00', 'HADIR', 'Wednesday'),
(796, 'Darmendra Febri', '1766153616', '2025-10-30', NULL, NULL, '06:29:00', '20:03:00', 'HADIR', 'Thursday'),
(797, 'Darmendra Febri', '1766153616', '2025-10-31', NULL, NULL, '06:28:00', '21:33:00', 'HADIR', 'Friday'),
(798, 'Hindawan Yuniar', '1766153618', '2025-10-01', NULL, NULL, '08:30:00', '17:09:00', 'HADIR', 'Wednesday'),
(799, 'Hindawan Yuniar', '1766153618', '2025-10-02', NULL, NULL, '08:06:00', '16:11:00', 'HADIR', 'Thursday'),
(800, 'Hindawan Yuniar', '1766153618', '2025-10-07', NULL, NULL, '20:49:00', NULL, 'HADIR', 'Tuesday'),
(801, 'Hindawan Yuniar', '1766153618', '2025-10-13', NULL, NULL, '07:02:00', '17:05:00', 'HADIR', 'Monday'),
(802, 'Hindawan Yuniar', '1766153618', '2025-10-14', NULL, NULL, '08:43:00', '17:19:00', 'HADIR', 'Tuesday'),
(803, 'Hindawan Yuniar', '1766153618', '2025-10-15', NULL, NULL, '08:17:00', '16:55:00', 'HADIR', 'Wednesday'),
(804, 'Hindawan Yuniar', '1766153618', '2025-10-16', NULL, NULL, '09:06:00', '16:14:00', 'HADIR', 'Thursday'),
(805, 'Hindawan Yuniar', '1766153618', '2025-10-17', NULL, NULL, '08:15:00', '16:44:00', 'HADIR', 'Friday'),
(806, 'Hindawan Yuniar', '1766153618', '2025-10-20', NULL, NULL, '06:51:00', '16:28:00', 'HADIR', 'Monday'),
(807, 'Hindawan Yuniar', '1766153618', '2025-10-21', NULL, NULL, '08:30:00', '16:32:00', 'HADIR', 'Tuesday'),
(808, 'Hindawan Yuniar', '1766153618', '2025-10-22', NULL, NULL, '08:26:00', '16:19:00', 'HADIR', 'Wednesday'),
(809, 'Hindawan Yuniar', '1766153618', '2025-10-23', NULL, NULL, '16:14:00', NULL, 'HADIR', 'Thursday'),
(810, 'Hindawan Yuniar', '1766153618', '2025-10-24', NULL, NULL, '07:17:00', '16:50:00', 'HADIR', 'Friday'),
(811, 'Hindawan Yuniar', '1766153618', '2025-10-27', NULL, NULL, '07:01:00', '16:11:00', 'HADIR', 'Monday'),
(812, 'Hindawan Yuniar', '1766153618', '2025-10-28', NULL, NULL, '16:44:00', NULL, 'HADIR', 'Tuesday'),
(813, 'Hindawan Yuniar', '1766153618', '2025-10-29', NULL, NULL, '07:38:00', '16:45:00', 'HADIR', 'Wednesday'),
(814, 'Hindawan Yuniar', '1766153618', '2025-10-30', NULL, NULL, '09:06:00', NULL, 'HADIR', 'Thursday'),
(815, 'Hindawan Yuniar', '1766153618', '2025-10-31', NULL, NULL, '09:19:00', '17:30:00', 'HADIR', 'Friday'),
(816, 'Nurlia Oktavian', '1766153619', '2025-10-01', NULL, NULL, '07:11:00', '16:00:00', 'HADIR', 'Wednesday'),
(817, 'Nurlia Oktavian', '1766153619', '2025-10-02', NULL, NULL, '07:23:00', '16:37:00', 'HADIR', 'Thursday'),
(818, 'Nurlia Oktavian', '1766153619', '2025-10-03', NULL, NULL, '07:15:00', '17:26:00', 'HADIR', 'Friday'),
(819, 'Nurlia Oktavian', '1766153619', '2025-10-06', NULL, NULL, '08:28:00', '16:00:00', 'HADIR', 'Monday'),
(820, 'Nurlia Oktavian', '1766153619', '2025-10-07', NULL, NULL, '07:22:00', '16:00:00', 'HADIR', 'Tuesday'),
(821, 'Nurlia Oktavian', '1766153619', '2025-10-08', NULL, NULL, '07:28:00', '16:00:00', 'HADIR', 'Wednesday'),
(822, 'Nurlia Oktavian', '1766153619', '2025-10-09', NULL, NULL, '07:20:00', '17:12:00', 'HADIR', 'Thursday'),
(823, 'Nurlia Oktavian', '1766153619', '2025-10-13', NULL, NULL, '06:59:00', '16:00:00', 'HADIR', 'Monday'),
(824, 'Nurlia Oktavian', '1766153619', '2025-10-14', NULL, NULL, '06:37:00', '16:02:00', 'HADIR', 'Tuesday'),
(825, 'Nurlia Oktavian', '1766153619', '2025-10-15', NULL, NULL, '07:57:00', '16:00:00', 'HADIR', 'Wednesday'),
(826, 'Nurlia Oktavian', '1766153619', '2025-10-16', NULL, NULL, '07:27:00', '17:01:00', 'HADIR', 'Thursday'),
(827, 'Nurlia Oktavian', '1766153619', '2025-10-17', NULL, NULL, '08:09:00', '16:30:00', 'HADIR', 'Friday'),
(828, 'Nurlia Oktavian', '1766153619', '2025-10-21', NULL, NULL, '07:18:00', '16:33:00', 'HADIR', 'Tuesday'),
(829, 'Nurlia Oktavian', '1766153619', '2025-10-22', NULL, NULL, '07:14:00', '16:00:00', 'HADIR', 'Wednesday'),
(830, 'Nurlia Oktavian', '1766153619', '2025-10-23', NULL, NULL, '08:11:00', '16:00:00', 'HADIR', 'Thursday'),
(831, 'Nurlia Oktavian', '1766153619', '2025-10-24', NULL, NULL, '07:12:00', '16:44:00', 'HADIR', 'Friday'),
(832, 'Nurlia Oktavian', '1766153619', '2025-10-27', NULL, NULL, '06:55:00', '16:00:00', 'HADIR', 'Monday'),
(833, 'Nurlia Oktavian', '1766153619', '2025-10-28', NULL, NULL, '07:04:00', '16:00:00', 'HADIR', 'Tuesday'),
(834, 'Nurlia Oktavian', '1766153619', '2025-10-30', NULL, NULL, '07:43:00', '16:00:00', 'HADIR', 'Thursday'),
(835, 'Nurlia Oktavian', '1766153619', '2025-10-31', NULL, NULL, '07:31:00', '16:30:00', 'HADIR', 'Friday'),
(836, 'Ahmad Sopian, S', '1766153620', '2025-10-01', NULL, NULL, '07:11:00', '16:36:00', 'HADIR', 'Wednesday'),
(837, 'Ahmad Sopian, S', '1766153620', '2025-10-02', NULL, NULL, '07:17:00', '16:01:00', 'HADIR', 'Thursday'),
(838, 'Ahmad Sopian, S', '1766153620', '2025-10-03', NULL, NULL, '07:29:00', '16:38:00', 'HADIR', 'Friday'),
(839, 'Ahmad Sopian, S', '1766153620', '2025-10-06', NULL, NULL, '07:11:00', '16:24:00', 'HADIR', 'Monday'),
(840, 'Ahmad Sopian, S', '1766153620', '2025-10-07', NULL, NULL, '08:35:00', '16:01:00', 'HADIR', 'Tuesday'),
(841, 'Ahmad Sopian, S', '1766153620', '2025-10-08', NULL, NULL, '07:53:00', '16:00:00', 'HADIR', 'Wednesday'),
(842, 'Ahmad Sopian, S', '1766153620', '2025-10-09', NULL, NULL, '07:16:00', '16:41:00', 'HADIR', 'Thursday'),
(843, 'Ahmad Sopian, S', '1766153620', '2025-10-10', NULL, NULL, '08:15:00', '16:33:00', 'HADIR', 'Friday'),
(844, 'Ahmad Sopian, S', '1766153620', '2025-10-13', NULL, NULL, '07:20:00', '16:10:00', 'HADIR', 'Monday'),
(845, 'Ahmad Sopian, S', '1766153620', '2025-10-14', NULL, NULL, '08:40:00', '16:37:00', 'HADIR', 'Tuesday'),
(846, 'Ahmad Sopian, S', '1766153620', '2025-10-16', NULL, NULL, '07:07:00', '16:26:00', 'HADIR', 'Thursday'),
(847, 'Ahmad Sopian, S', '1766153620', '2025-10-17', NULL, NULL, '08:34:00', '16:30:00', 'HADIR', 'Friday'),
(848, 'Ahmad Sopian, S', '1766153620', '2025-10-20', NULL, NULL, '07:20:00', '16:46:00', 'HADIR', 'Monday'),
(849, 'Ahmad Sopian, S', '1766153620', '2025-10-21', NULL, NULL, '08:26:00', '17:05:00', 'HADIR', 'Tuesday'),
(850, 'Ahmad Sopian, S', '1766153620', '2025-10-24', NULL, NULL, '09:04:00', '17:17:00', 'HADIR', 'Friday'),
(851, 'Ahmad Sopian, S', '1766153620', '2025-10-27', NULL, NULL, '07:14:00', '16:57:00', 'HADIR', 'Monday'),
(852, 'Ahmad Sopian, S', '1766153620', '2025-10-28', NULL, NULL, '07:59:00', '16:50:00', 'HADIR', 'Tuesday'),
(853, 'Ahmad Sopian, S', '1766153620', '2025-10-29', NULL, NULL, '07:32:00', '17:10:00', 'HADIR', 'Wednesday'),
(854, 'Ahmad Sopian, S', '1766153620', '2025-10-30', NULL, NULL, '08:07:00', '17:30:00', 'HADIR', 'Thursday'),
(855, 'Linda Amalia, S', '1766153621', '2025-10-06', NULL, NULL, '06:51:00', NULL, 'HADIR', 'Monday'),
(856, 'Linda Amalia, S', '1766153621', '2025-10-07', NULL, NULL, '06:47:00', '16:00:00', 'HADIR', 'Tuesday'),
(857, 'Linda Amalia, S', '1766153621', '2025-10-08', NULL, NULL, '06:55:00', '16:01:00', 'HADIR', 'Wednesday'),
(858, 'Linda Amalia, S', '1766153621', '2025-10-09', NULL, NULL, '08:35:00', '16:14:00', 'HADIR', 'Thursday'),
(859, 'Linda Amalia, S', '1766153621', '2025-10-10', NULL, NULL, '07:02:00', '16:30:00', 'HADIR', 'Friday'),
(860, 'Linda Amalia, S', '1766153621', '2025-10-13', NULL, NULL, '06:38:00', NULL, 'HADIR', 'Monday'),
(861, 'Linda Amalia, S', '1766153621', '2025-10-15', NULL, NULL, '06:34:00', NULL, 'HADIR', 'Wednesday'),
(862, 'Linda Amalia, S', '1766153621', '2025-10-16', NULL, NULL, '06:49:00', '16:14:00', 'HADIR', 'Thursday'),
(863, 'Linda Amalia, S', '1766153621', '2025-10-17', NULL, NULL, '06:54:00', NULL, 'HADIR', 'Friday'),
(864, 'Linda Amalia, S', '1766153621', '2025-10-20', NULL, NULL, '06:59:00', '16:08:00', 'HADIR', 'Monday'),
(865, 'Linda Amalia, S', '1766153621', '2025-10-21', NULL, NULL, '06:42:00', NULL, 'HADIR', 'Tuesday'),
(866, 'Linda Amalia, S', '1766153621', '2025-10-22', NULL, NULL, '06:25:00', NULL, 'HADIR', 'Wednesday'),
(867, 'Linda Amalia, S', '1766153621', '2025-10-24', NULL, NULL, '07:07:00', NULL, 'HADIR', 'Friday'),
(868, 'Linda Amalia, S', '1766153621', '2025-10-27', NULL, NULL, '06:24:00', '16:01:00', 'HADIR', 'Monday'),
(869, 'Linda Amalia, S', '1766153621', '2025-10-29', NULL, NULL, '07:23:00', '16:20:00', 'HADIR', 'Wednesday'),
(870, 'Linda Amalia, S', '1766153621', '2025-10-30', NULL, NULL, '07:39:00', '16:23:00', 'HADIR', 'Thursday'),
(871, 'Linda Amalia, S', '1766153621', '2025-10-31', NULL, NULL, '07:50:00', NULL, 'HADIR', 'Friday'),
(872, 'Erry Eka Pratam', '1766153622', '2025-10-01', NULL, NULL, '08:28:00', '19:10:00', 'HADIR', 'Wednesday'),
(873, 'Erry Eka Pratam', '1766153622', '2025-10-02', NULL, NULL, '08:14:00', '16:18:00', 'HADIR', 'Thursday'),
(874, 'Erry Eka Pratam', '1766153622', '2025-10-03', NULL, NULL, '08:00:00', '16:46:00', 'HADIR', 'Friday'),
(875, 'Erry Eka Pratam', '1766153622', '2025-10-06', NULL, NULL, '06:58:00', '18:22:00', 'HADIR', 'Monday'),
(876, 'Erry Eka Pratam', '1766153622', '2025-10-07', NULL, NULL, '07:53:00', '16:26:00', 'HADIR', 'Tuesday'),
(877, 'Erry Eka Pratam', '1766153622', '2025-10-08', NULL, NULL, '07:34:00', '16:09:00', 'HADIR', 'Wednesday'),
(878, 'Erry Eka Pratam', '1766153622', '2025-10-09', NULL, NULL, '07:37:00', '20:05:00', 'HADIR', 'Thursday'),
(879, 'Erry Eka Pratam', '1766153622', '2025-10-10', NULL, NULL, '07:39:00', '18:32:00', 'HADIR', 'Friday'),
(880, 'Erry Eka Pratam', '1766153622', '2025-10-13', NULL, NULL, '07:04:00', '16:43:00', 'HADIR', 'Monday'),
(881, 'Erry Eka Pratam', '1766153622', '2025-10-14', NULL, NULL, '07:10:00', '16:34:00', 'HADIR', 'Tuesday'),
(882, 'Erry Eka Pratam', '1766153622', '2025-10-15', NULL, NULL, '07:09:00', '18:05:00', 'HADIR', 'Wednesday'),
(883, 'Erry Eka Pratam', '1766153622', '2025-10-16', NULL, NULL, '08:08:00', '16:44:00', 'HADIR', 'Thursday'),
(884, 'Erry Eka Pratam', '1766153622', '2025-10-17', NULL, NULL, '07:41:00', '17:12:00', 'HADIR', 'Friday'),
(885, 'Erry Eka Pratam', '1766153622', '2025-10-20', NULL, NULL, '06:52:00', '17:12:00', 'HADIR', 'Monday'),
(886, 'Erry Eka Pratam', '1766153622', '2025-10-21', NULL, NULL, '07:20:00', '17:32:00', 'HADIR', 'Tuesday'),
(887, 'Erry Eka Pratam', '1766153622', '2025-10-23', NULL, NULL, '07:25:00', '20:09:00', 'HADIR', 'Thursday'),
(888, 'Erry Eka Pratam', '1766153622', '2025-10-24', NULL, NULL, '07:19:00', '18:47:00', 'HADIR', 'Friday'),
(889, 'Erry Eka Pratam', '1766153622', '2025-10-27', NULL, NULL, '06:58:00', '17:31:00', 'HADIR', 'Monday'),
(890, 'Erry Eka Pratam', '1766153622', '2025-10-28', NULL, NULL, '07:41:00', '20:16:00', 'HADIR', 'Tuesday'),
(891, 'Erry Eka Pratam', '1766153622', '2025-10-29', NULL, NULL, '07:52:00', '18:47:00', 'HADIR', 'Wednesday'),
(892, 'Erry Eka Pratam', '1766153622', '2025-10-30', NULL, NULL, '07:30:00', NULL, 'HADIR', 'Thursday'),
(893, 'Erry Eka Pratam', '1766153622', '2025-10-31', NULL, NULL, '08:25:00', NULL, 'HADIR', 'Friday'),
(894, 'Annisa Ameliasy', '1766153623', '2025-10-01', NULL, NULL, '07:11:00', '19:11:00', 'HADIR', 'Wednesday'),
(895, 'Annisa Ameliasy', '1766153623', '2025-10-03', NULL, NULL, '07:41:00', '16:47:00', 'HADIR', 'Friday'),
(896, 'Annisa Ameliasy', '1766153623', '2025-10-06', NULL, NULL, '06:58:00', '18:23:00', 'HADIR', 'Monday'),
(897, 'Annisa Ameliasy', '1766153623', '2025-10-07', NULL, NULL, '07:02:00', '16:26:00', 'HADIR', 'Tuesday'),
(898, 'Annisa Ameliasy', '1766153623', '2025-10-08', NULL, NULL, '07:05:00', '16:10:00', 'HADIR', 'Wednesday'),
(899, 'Annisa Ameliasy', '1766153623', '2025-10-09', NULL, NULL, '07:06:00', '20:05:00', 'HADIR', 'Thursday'),
(900, 'Annisa Ameliasy', '1766153623', '2025-10-10', NULL, NULL, '06:49:00', '18:38:00', 'HADIR', 'Friday'),
(901, 'Annisa Ameliasy', '1766153623', '2025-10-13', NULL, NULL, '06:50:00', '16:43:00', 'HADIR', 'Monday'),
(902, 'Annisa Ameliasy', '1766153623', '2025-10-14', NULL, NULL, '06:53:00', '16:34:00', 'HADIR', 'Tuesday'),
(903, 'Annisa Ameliasy', '1766153623', '2025-10-15', NULL, NULL, '07:03:00', '18:06:00', 'HADIR', 'Wednesday'),
(904, 'Annisa Ameliasy', '1766153623', '2025-10-16', NULL, NULL, '07:07:00', '16:45:00', 'HADIR', 'Thursday'),
(905, 'Annisa Ameliasy', '1766153623', '2025-10-17', NULL, NULL, '07:00:00', '17:15:00', 'HADIR', 'Friday'),
(906, 'Annisa Ameliasy', '1766153623', '2025-10-20', NULL, NULL, '06:50:00', '17:12:00', 'HADIR', 'Monday'),
(907, 'Annisa Ameliasy', '1766153623', '2025-10-21', NULL, NULL, '07:00:00', '17:32:00', 'HADIR', 'Tuesday'),
(908, 'Annisa Ameliasy', '1766153623', '2025-10-22', NULL, NULL, '07:03:00', '16:20:00', 'HADIR', 'Wednesday'),
(909, 'Annisa Ameliasy', '1766153623', '2025-10-23', NULL, NULL, '07:07:00', '20:09:00', 'HADIR', 'Thursday'),
(910, 'Annisa Ameliasy', '1766153623', '2025-10-24', NULL, NULL, '07:14:00', '18:47:00', 'HADIR', 'Friday'),
(911, 'Annisa Ameliasy', '1766153623', '2025-10-27', NULL, NULL, '06:53:00', '17:31:00', 'HADIR', 'Monday'),
(912, 'Annisa Ameliasy', '1766153623', '2025-10-28', NULL, NULL, '07:01:00', '20:16:00', 'HADIR', 'Tuesday'),
(913, 'Annisa Ameliasy', '1766153623', '2025-10-29', NULL, NULL, '07:02:00', '18:46:00', 'HADIR', 'Wednesday'),
(914, 'Annisa Ameliasy', '1766153623', '2025-10-30', NULL, NULL, '07:08:00', '16:27:00', 'HADIR', 'Thursday'),
(915, 'Annisa Ameliasy', '1766153623', '2025-10-31', NULL, NULL, '07:05:00', '18:17:00', 'HADIR', 'Friday'),
(916, 'Ikhwan Adi Putr', '1766153624', '2025-10-03', NULL, NULL, '10:00:00', NULL, 'HADIR', 'Friday'),
(917, 'Ikhwan Adi Putr', '1766153624', '2025-10-06', NULL, NULL, '08:47:00', '16:06:00', 'HADIR', 'Monday'),
(918, 'Ikhwan Adi Putr', '1766153624', '2025-10-07', NULL, NULL, '09:59:00', '16:00:00', 'HADIR', 'Tuesday'),
(919, 'Ikhwan Adi Putr', '1766153624', '2025-10-08', NULL, NULL, '08:59:00', NULL, 'HADIR', 'Wednesday'),
(920, 'Ikhwan Adi Putr', '1766153624', '2025-10-10', NULL, NULL, '07:41:00', NULL, 'HADIR', 'Friday'),
(921, 'Ikhwan Adi Putr', '1766153624', '2025-10-13', NULL, NULL, '09:08:00', '16:25:00', 'HADIR', 'Monday'),
(922, 'Ikhwan Adi Putr', '1766153624', '2025-10-15', NULL, NULL, '10:11:00', '16:54:00', 'HADIR', 'Wednesday'),
(923, 'Ikhwan Adi Putr', '1766153624', '2025-10-17', NULL, NULL, '08:59:00', NULL, 'HADIR', 'Friday'),
(924, 'Ikhwan Adi Putr', '1766153624', '2025-10-20', NULL, NULL, '09:48:00', NULL, 'HADIR', 'Monday'),
(925, 'Ikhwan Adi Putr', '1766153624', '2025-10-21', NULL, NULL, '09:02:00', NULL, 'HADIR', 'Tuesday'),
(926, 'Ikhwan Adi Putr', '1766153624', '2025-10-22', NULL, NULL, '09:35:00', '16:01:00', 'HADIR', 'Wednesday'),
(927, 'Ikhwan Adi Putr', '1766153624', '2025-10-23', NULL, NULL, '08:41:00', '16:00:00', 'HADIR', 'Thursday'),
(928, 'Ikhwan Adi Putr', '1766153624', '2025-10-27', NULL, NULL, '08:57:00', NULL, 'HADIR', 'Monday'),
(929, 'Ikhwan Adi Putr', '1766153624', '2025-10-28', NULL, NULL, '09:40:00', NULL, 'HADIR', 'Tuesday'),
(930, 'Ikhwan Adi Putr', '1766153624', '2025-10-29', NULL, NULL, '09:56:00', NULL, 'HADIR', 'Wednesday'),
(931, 'Ikhwan Adi Putr', '1766153624', '2025-10-30', NULL, NULL, '10:11:00', '16:07:00', 'HADIR', 'Thursday'),
(932, 'Istiyar Iman Al', '1766153625', '2025-10-01', NULL, NULL, '08:51:00', '16:12:00', 'HADIR', 'Wednesday'),
(933, 'Istiyar Iman Al', '1766153625', '2025-10-02', NULL, NULL, '08:33:00', '16:15:00', 'HADIR', 'Thursday'),
(934, 'Istiyar Iman Al', '1766153625', '2025-10-03', NULL, NULL, '09:47:00', NULL, 'HADIR', 'Friday'),
(935, 'Istiyar Iman Al', '1766153625', '2025-10-06', NULL, NULL, '08:31:00', '16:00:00', 'HADIR', 'Monday'),
(936, 'Istiyar Iman Al', '1766153625', '2025-10-07', NULL, NULL, '09:18:00', '16:42:00', 'HADIR', 'Tuesday'),
(937, 'Istiyar Iman Al', '1766153625', '2025-10-08', NULL, NULL, '08:34:00', '13:35:00', 'HADIR', 'Wednesday'),
(938, 'Istiyar Iman Al', '1766153625', '2025-10-09', NULL, NULL, '08:33:00', '16:19:00', 'HADIR', 'Thursday'),
(939, 'Istiyar Iman Al', '1766153625', '2025-10-10', NULL, NULL, '08:26:00', '18:07:00', 'HADIR', 'Friday'),
(940, 'Istiyar Iman Al', '1766153625', '2025-10-13', NULL, NULL, '09:02:00', '16:04:00', 'HADIR', 'Monday'),
(941, 'Istiyar Iman Al', '1766153625', '2025-10-14', NULL, NULL, '08:53:00', '15:29:00', 'HADIR', 'Tuesday'),
(942, 'Istiyar Iman Al', '1766153625', '2025-10-15', NULL, NULL, '11:55:00', '17:46:00', 'HADIR', 'Wednesday'),
(943, 'Istiyar Iman Al', '1766153625', '2025-10-16', NULL, NULL, '13:01:00', '16:06:00', 'HADIR', 'Thursday'),
(944, 'Istiyar Iman Al', '1766153625', '2025-10-17', NULL, NULL, '08:15:00', '17:12:00', 'HADIR', 'Friday'),
(945, 'Istiyar Iman Al', '1766153625', '2025-10-20', NULL, NULL, '08:30:00', '16:15:00', 'HADIR', 'Monday'),
(946, 'Istiyar Iman Al', '1766153625', '2025-10-21', NULL, NULL, '08:50:00', '16:02:00', 'HADIR', 'Tuesday'),
(947, 'Istiyar Iman Al', '1766153625', '2025-10-22', NULL, NULL, '09:34:00', '16:25:00', 'HADIR', 'Wednesday'),
(948, 'Istiyar Iman Al', '1766153625', '2025-10-23', NULL, NULL, '10:10:00', '16:00:00', 'HADIR', 'Thursday'),
(949, 'Istiyar Iman Al', '1766153625', '2025-10-24', NULL, NULL, '09:11:00', '16:41:00', 'HADIR', 'Friday'),
(950, 'Istiyar Iman Al', '1766153625', '2025-10-27', NULL, NULL, '08:45:00', '16:04:00', 'HADIR', 'Monday'),
(951, 'Istiyar Iman Al', '1766153625', '2025-10-29', NULL, NULL, '08:47:00', '16:30:00', 'HADIR', 'Wednesday'),
(952, 'Istiyar Iman Al', '1766153625', '2025-10-30', NULL, NULL, '09:21:00', '16:04:00', 'HADIR', 'Thursday'),
(953, 'Istiyar Iman Al', '1766153625', '2025-10-31', NULL, NULL, '09:53:00', '15:57:00', 'HADIR', 'Friday'),
(954, 'Ahmad Rinduwan', 'DS063', '2025-10-01', NULL, NULL, '18:38:00', '18:42:00', 'HADIR', 'Wednesday'),
(955, 'Ahmad Rinduwan', 'DS063', '2025-10-02', NULL, NULL, '11:31:00', '17:10:00', 'HADIR', 'Thursday'),
(956, 'Ahmad Rinduwan', 'DS063', '2025-10-06', NULL, NULL, '18:39:00', NULL, 'HADIR', 'Monday'),
(957, 'Ahmad Rinduwan', 'DS063', '2025-10-13', NULL, NULL, '11:49:00', '20:26:00', 'HADIR', 'Monday'),
(958, 'Ahmad Rinduwan', 'DS063', '2025-10-20', NULL, NULL, '20:01:00', '20:54:00', 'HADIR', 'Monday'),
(959, 'Ahmad Rinduwan', 'DS063', '2025-10-27', NULL, NULL, '16:34:00', NULL, 'HADIR', 'Monday'),
(960, 'Lilis Suryani,', '1766153628', '2025-10-01', NULL, NULL, '09:11:00', '16:58:00', 'HADIR', 'Wednesday'),
(961, 'Lilis Suryani,', '1766153628', '2025-10-02', NULL, NULL, '07:03:00', NULL, 'HADIR', 'Thursday'),
(962, 'Lilis Suryani,', '1766153628', '2025-10-03', NULL, NULL, '09:17:00', '17:20:00', 'HADIR', 'Friday'),
(963, 'Lilis Suryani,', '1766153628', '2025-10-06', NULL, NULL, '07:15:00', NULL, 'HADIR', 'Monday'),
(964, 'Lilis Suryani,', '1766153628', '2025-10-07', NULL, NULL, '07:13:00', '16:00:00', 'HADIR', 'Tuesday'),
(965, 'Lilis Suryani,', '1766153628', '2025-10-08', NULL, NULL, '07:19:00', '16:00:00', 'HADIR', 'Wednesday'),
(966, 'Lilis Suryani,', '1766153628', '2025-10-09', NULL, NULL, '07:08:00', NULL, 'HADIR', 'Thursday'),
(967, 'Lilis Suryani,', '1766153628', '2025-10-10', NULL, NULL, '07:13:00', '16:30:00', 'HADIR', 'Friday'),
(968, 'Lilis Suryani,', '1766153628', '2025-10-13', NULL, NULL, '07:20:00', '16:06:00', 'HADIR', 'Monday');
INSERT INTO `absensi_harian` (`id`, `nama`, `nip`, `tanggal`, `bulan`, `tahun`, `jam_in`, `jam_out`, `keterangan`, `hari`) VALUES
(969, 'Lilis Suryani,', '1766153628', '2025-10-14', NULL, NULL, '07:25:00', '16:07:00', 'HADIR', 'Tuesday'),
(970, 'Lilis Suryani,', '1766153628', '2025-10-16', NULL, NULL, '07:28:00', '16:43:00', 'HADIR', 'Thursday'),
(971, 'Lilis Suryani,', '1766153628', '2025-10-17', NULL, NULL, '07:21:00', NULL, 'HADIR', 'Friday'),
(972, 'Lilis Suryani,', '1766153628', '2025-10-20', NULL, NULL, '07:15:00', '16:06:00', 'HADIR', 'Monday'),
(973, 'Lilis Suryani,', '1766153628', '2025-10-21', NULL, NULL, '07:14:00', '16:42:00', 'HADIR', 'Tuesday'),
(974, 'Lilis Suryani,', '1766153628', '2025-10-24', NULL, NULL, '07:27:00', '16:49:00', 'HADIR', 'Friday'),
(975, 'Lilis Suryani,', '1766153628', '2025-10-27', NULL, NULL, '07:00:00', '16:08:00', 'HADIR', 'Monday'),
(976, 'Lilis Suryani,', '1766153628', '2025-10-28', NULL, NULL, '07:27:00', '16:34:00', 'HADIR', 'Tuesday'),
(977, 'Lilis Suryani,', '1766153628', '2025-10-29', NULL, NULL, '07:18:00', '16:22:00', 'HADIR', 'Wednesday'),
(978, 'Lilis Suryani,', '1766153628', '2025-10-30', NULL, NULL, '07:27:00', '16:17:00', 'HADIR', 'Thursday'),
(979, 'Lilis Suryani,', '1766153628', '2025-10-31', NULL, NULL, '07:21:00', '18:03:00', 'HADIR', 'Friday'),
(980, 'Fahmi Angga Yud', '1766153629', '2025-10-01', NULL, NULL, '06:42:00', '16:57:00', 'HADIR', 'Wednesday'),
(981, 'Fahmi Angga Yud', '1766153629', '2025-10-02', NULL, NULL, '07:21:00', '16:17:00', 'HADIR', 'Thursday'),
(982, 'Fahmi Angga Yud', '1766153629', '2025-10-03', NULL, NULL, '07:25:00', '16:53:00', 'HADIR', 'Friday'),
(983, 'Fahmi Angga Yud', '1766153629', '2025-10-06', NULL, NULL, '06:40:00', '17:08:00', 'HADIR', 'Monday'),
(984, 'Fahmi Angga Yud', '1766153629', '2025-10-07', NULL, NULL, '06:51:00', '16:58:00', 'HADIR', 'Tuesday'),
(985, 'Fahmi Angga Yud', '1766153629', '2025-10-08', NULL, NULL, '06:36:00', '16:49:00', 'HADIR', 'Wednesday'),
(986, 'Fahmi Angga Yud', '1766153629', '2025-10-09', NULL, NULL, '06:31:00', '16:51:00', 'HADIR', 'Thursday'),
(987, 'Fahmi Angga Yud', '1766153629', '2025-10-10', NULL, NULL, '07:13:00', '16:48:00', 'HADIR', 'Friday'),
(988, 'Fahmi Angga Yud', '1766153629', '2025-10-13', NULL, NULL, '06:27:00', '17:08:00', 'HADIR', 'Monday'),
(989, 'Fahmi Angga Yud', '1766153629', '2025-10-14', NULL, NULL, '06:34:00', '16:59:00', 'HADIR', 'Tuesday'),
(990, 'Fahmi Angga Yud', '1766153629', '2025-10-15', NULL, NULL, '06:45:00', '16:38:00', 'HADIR', 'Wednesday'),
(991, 'Fahmi Angga Yud', '1766153629', '2025-10-16', NULL, NULL, '07:13:00', '16:35:00', 'HADIR', 'Thursday'),
(992, 'Fahmi Angga Yud', '1766153629', '2025-10-17', NULL, NULL, '07:17:00', '16:53:00', 'HADIR', 'Friday'),
(993, 'Fahmi Angga Yud', '1766153629', '2025-10-20', NULL, NULL, '06:27:00', '17:25:00', 'HADIR', 'Monday'),
(994, 'Fahmi Angga Yud', '1766153629', '2025-10-22', NULL, NULL, '06:57:00', '17:15:00', 'HADIR', 'Wednesday'),
(995, 'Fahmi Angga Yud', '1766153629', '2025-10-23', NULL, NULL, '06:54:00', '16:54:00', 'HADIR', 'Thursday'),
(996, 'Fahmi Angga Yud', '1766153629', '2025-10-24', NULL, NULL, '07:12:00', '18:39:00', 'HADIR', 'Friday'),
(997, 'Fahmi Angga Yud', '1766153629', '2025-10-27', NULL, NULL, '06:18:00', '16:48:00', 'HADIR', 'Monday'),
(998, 'Fahmi Angga Yud', '1766153629', '2025-10-28', NULL, NULL, '06:31:00', '16:56:00', 'HADIR', 'Tuesday'),
(999, 'Fahmi Angga Yud', '1766153629', '2025-10-29', NULL, NULL, '06:32:00', '17:42:00', 'HADIR', 'Wednesday'),
(1000, 'Fahmi Angga Yud', '1766153629', '2025-10-30', NULL, NULL, '06:39:00', '17:58:00', 'HADIR', 'Thursday'),
(1001, 'Fahmi Angga Yud', '1766153629', '2025-10-31', NULL, NULL, '06:46:00', '17:29:00', 'HADIR', 'Friday'),
(1002, 'Muhamad Rizki', 'DS067', '2025-10-01', NULL, NULL, '08:43:00', '16:01:00', 'HADIR', 'Wednesday'),
(1003, 'Muhamad Rizki', 'DS067', '2025-10-02', NULL, NULL, '08:24:00', '16:07:00', 'HADIR', 'Thursday'),
(1004, 'Muhamad Rizki', 'DS067', '2025-10-03', NULL, NULL, '09:07:00', '16:30:00', 'HADIR', 'Friday'),
(1005, 'Muhamad Rizki', 'DS067', '2025-10-06', NULL, NULL, '07:19:00', '16:24:00', 'HADIR', 'Monday'),
(1006, 'Muhamad Rizki', 'DS067', '2025-10-07', NULL, NULL, '08:44:00', '16:32:00', 'HADIR', 'Tuesday'),
(1007, 'Muhamad Rizki', 'DS067', '2025-10-08', NULL, NULL, '08:37:00', '16:03:00', 'HADIR', 'Wednesday'),
(1008, 'Muhamad Rizki', 'DS067', '2025-10-09', NULL, NULL, '08:52:00', '16:00:00', 'HADIR', 'Thursday'),
(1009, 'Muhamad Rizki', 'DS067', '2025-10-10', NULL, NULL, '08:51:00', '16:31:00', 'HADIR', 'Friday'),
(1010, 'Muhamad Rizki', 'DS067', '2025-10-14', NULL, NULL, '16:05:00', NULL, 'HADIR', 'Tuesday'),
(1011, 'Muhamad Rizki', 'DS067', '2025-10-16', NULL, NULL, '08:13:00', '16:22:00', 'HADIR', 'Thursday'),
(1012, 'Muhamad Rizki', 'DS067', '2025-10-17', NULL, NULL, '08:49:00', '16:32:00', 'HADIR', 'Friday'),
(1013, 'Muhamad Rizki', 'DS067', '2025-10-20', NULL, NULL, '08:36:00', '16:07:00', 'HADIR', 'Monday'),
(1014, 'Muhamad Rizki', 'DS067', '2025-10-21', NULL, NULL, '16:02:00', NULL, 'HADIR', 'Tuesday'),
(1015, 'Muhamad Rizki', 'DS067', '2025-10-24', NULL, NULL, '08:47:00', '16:39:00', 'HADIR', 'Friday'),
(1016, 'Muhamad Rizki', 'DS067', '2025-10-27', NULL, NULL, '07:28:00', '16:26:00', 'HADIR', 'Monday'),
(1017, 'Muhamad Rizki', 'DS067', '2025-10-28', NULL, NULL, '09:34:00', '16:07:00', 'HADIR', 'Tuesday'),
(1018, 'Muhamad Rizki', 'DS067', '2025-10-29', NULL, NULL, '08:51:00', '17:00:00', 'HADIR', 'Wednesday'),
(1019, 'Muhamad Rizki', 'DS067', '2025-10-30', NULL, NULL, '08:45:00', '16:09:00', 'HADIR', 'Thursday'),
(1020, 'Muhamad Rizki', 'DS067', '2025-10-31', NULL, NULL, '08:50:00', '17:59:00', 'HADIR', 'Friday'),
(1021, 'Burhanudin Jael', '1766153634', '2025-10-01', NULL, NULL, '07:30:00', '16:00:00', 'HADIR', 'Wednesday'),
(1022, 'Burhanudin Jael', '1766153634', '2025-10-06', NULL, NULL, '07:22:00', '16:58:00', 'HADIR', 'Monday'),
(1023, 'Burhanudin Jael', '1766153634', '2025-10-07', NULL, NULL, '07:16:00', '16:24:00', 'HADIR', 'Tuesday'),
(1024, 'Burhanudin Jael', '1766153634', '2025-10-08', NULL, NULL, '07:17:00', '16:12:00', 'HADIR', 'Wednesday'),
(1025, 'Burhanudin Jael', '1766153634', '2025-10-09', NULL, NULL, '07:01:00', '16:06:00', 'HADIR', 'Thursday'),
(1026, 'Burhanudin Jael', '1766153634', '2025-10-10', NULL, NULL, '18:29:00', '18:33:00', 'HADIR', 'Friday'),
(1027, 'Burhanudin Jael', '1766153634', '2025-10-13', NULL, NULL, '07:09:00', '19:52:00', 'HADIR', 'Monday'),
(1028, 'Burhanudin Jael', '1766153634', '2025-10-15', NULL, NULL, '07:21:00', '16:54:00', 'HADIR', 'Wednesday'),
(1029, 'Burhanudin Jael', '1766153634', '2025-10-16', NULL, NULL, '07:17:00', '16:45:00', 'HADIR', 'Thursday'),
(1030, 'Burhanudin Jael', '1766153634', '2025-10-17', NULL, NULL, '07:01:00', '16:39:00', 'HADIR', 'Friday'),
(1031, 'Burhanudin Jael', '1766153634', '2025-10-20', NULL, NULL, '07:10:00', '16:27:00', 'HADIR', 'Monday'),
(1032, 'Burhanudin Jael', '1766153634', '2025-10-21', NULL, NULL, '07:06:00', '16:05:00', 'HADIR', 'Tuesday'),
(1033, 'Burhanudin Jael', '1766153634', '2025-10-22', NULL, NULL, '07:24:00', '16:09:00', 'HADIR', 'Wednesday'),
(1034, 'Burhanudin Jael', '1766153634', '2025-10-23', NULL, NULL, '07:00:00', '16:12:00', 'HADIR', 'Thursday'),
(1035, 'Burhanudin Jael', '1766153634', '2025-10-24', NULL, NULL, '07:23:00', '18:45:00', 'HADIR', 'Friday'),
(1036, 'Burhanudin Jael', '1766153634', '2025-10-27', NULL, NULL, '07:15:00', '16:08:00', 'HADIR', 'Monday'),
(1037, 'Burhanudin Jael', '1766153634', '2025-10-28', NULL, NULL, '07:11:00', '16:00:00', 'HADIR', 'Tuesday'),
(1038, 'Burhanudin Jael', '1766153634', '2025-10-29', NULL, NULL, '07:18:00', '17:56:00', 'HADIR', 'Wednesday'),
(1039, 'Burhanudin Jael', '1766153634', '2025-10-30', NULL, NULL, '07:10:00', '16:17:00', 'HADIR', 'Thursday'),
(1040, 'Burhanudin Jael', '1766153634', '2025-10-31', NULL, NULL, '08:06:00', '20:33:00', 'HADIR', 'Friday'),
(1041, 'Desy Wijiyanti,', '1766153635', '2025-10-01', NULL, NULL, '07:28:00', '16:11:00', 'HADIR', 'Wednesday'),
(1042, 'Desy Wijiyanti,', '1766153635', '2025-10-02', NULL, NULL, '07:38:00', '16:23:00', 'HADIR', 'Thursday'),
(1043, 'Desy Wijiyanti,', '1766153635', '2025-10-03', NULL, NULL, '08:08:00', '16:34:00', 'HADIR', 'Friday'),
(1044, 'Desy Wijiyanti,', '1766153635', '2025-10-06', NULL, NULL, '07:37:00', '16:56:00', 'HADIR', 'Monday'),
(1045, 'Desy Wijiyanti,', '1766153635', '2025-10-07', NULL, NULL, '07:52:00', '16:04:00', 'HADIR', 'Tuesday'),
(1046, 'Desy Wijiyanti,', '1766153635', '2025-10-09', NULL, NULL, '07:56:00', '16:08:00', 'HADIR', 'Thursday'),
(1047, 'Desy Wijiyanti,', '1766153635', '2025-10-10', NULL, NULL, '08:18:00', '16:35:00', 'HADIR', 'Friday'),
(1048, 'Desy Wijiyanti,', '1766153635', '2025-10-13', NULL, NULL, '07:38:00', '16:02:00', 'HADIR', 'Monday'),
(1049, 'Desy Wijiyanti,', '1766153635', '2025-10-14', NULL, NULL, '16:11:00', NULL, 'HADIR', 'Tuesday'),
(1050, 'Desy Wijiyanti,', '1766153635', '2025-10-17', NULL, NULL, '08:20:00', '16:33:00', 'HADIR', 'Friday'),
(1051, 'Desy Wijiyanti,', '1766153635', '2025-10-20', NULL, NULL, '07:27:00', '16:13:00', 'HADIR', 'Monday'),
(1052, 'Desy Wijiyanti,', '1766153635', '2025-10-21', NULL, NULL, '07:42:00', '16:06:00', 'HADIR', 'Tuesday'),
(1053, 'Desy Wijiyanti,', '1766153635', '2025-10-22', NULL, NULL, '07:47:00', '16:02:00', 'HADIR', 'Wednesday'),
(1054, 'Desy Wijiyanti,', '1766153635', '2025-10-23', NULL, NULL, '08:08:00', '16:14:00', 'HADIR', 'Thursday'),
(1055, 'Desy Wijiyanti,', '1766153635', '2025-10-24', NULL, NULL, '07:53:00', '16:43:00', 'HADIR', 'Friday'),
(1056, 'Desy Wijiyanti,', '1766153635', '2025-10-27', NULL, NULL, '07:21:00', '16:03:00', 'HADIR', 'Monday'),
(1057, 'Desy Wijiyanti,', '1766153635', '2025-10-28', NULL, NULL, '08:15:00', '16:01:00', 'HADIR', 'Tuesday'),
(1058, 'Desy Wijiyanti,', '1766153635', '2025-10-29', NULL, NULL, '08:02:00', '16:13:00', 'HADIR', 'Wednesday'),
(1059, 'Desy Wijiyanti,', '1766153635', '2025-10-30', NULL, NULL, '07:43:00', '16:14:00', 'HADIR', 'Thursday'),
(1060, 'Desy Wijiyanti,', '1766153635', '2025-10-31', NULL, NULL, '08:06:00', '16:46:00', 'HADIR', 'Friday'),
(1061, 'Santoso Setya S', '1766153636', '2025-10-01', NULL, NULL, '18:24:00', NULL, 'HADIR', 'Wednesday'),
(1062, 'Santoso Setya S', '1766153636', '2025-10-02', NULL, NULL, '18:28:00', NULL, 'HADIR', 'Thursday'),
(1063, 'Santoso Setya S', '1766153636', '2025-10-03', NULL, NULL, '21:30:00', NULL, 'HADIR', 'Friday'),
(1064, 'Santoso Setya S', '1766153636', '2025-10-06', NULL, NULL, '06:16:00', '17:17:00', 'HADIR', 'Monday'),
(1065, 'Santoso Setya S', '1766153636', '2025-10-07', NULL, NULL, '20:09:00', NULL, 'HADIR', 'Tuesday'),
(1066, 'Santoso Setya S', '1766153636', '2025-10-08', NULL, NULL, '16:45:00', NULL, 'HADIR', 'Wednesday'),
(1067, 'Santoso Setya S', '1766153636', '2025-10-09', NULL, NULL, '17:16:00', NULL, 'HADIR', 'Thursday'),
(1068, 'Santoso Setya S', '1766153636', '2025-10-10', NULL, NULL, '18:37:00', NULL, 'HADIR', 'Friday'),
(1069, 'Santoso Setya S', '1766153636', '2025-10-13', NULL, NULL, '06:25:00', '17:33:00', 'HADIR', 'Monday'),
(1070, 'Santoso Setya S', '1766153636', '2025-10-14', NULL, NULL, '17:04:00', NULL, 'HADIR', 'Tuesday'),
(1071, 'Santoso Setya S', '1766153636', '2025-10-15', NULL, NULL, '17:45:00', NULL, 'HADIR', 'Wednesday'),
(1072, 'Santoso Setya S', '1766153636', '2025-10-16', NULL, NULL, '19:30:00', NULL, 'HADIR', 'Thursday'),
(1073, 'Santoso Setya S', '1766153636', '2025-10-17', NULL, NULL, '19:40:00', NULL, 'HADIR', 'Friday'),
(1074, 'Santoso Setya S', '1766153636', '2025-10-20', NULL, NULL, '06:55:00', '16:51:00', 'HADIR', 'Monday'),
(1075, 'Santoso Setya S', '1766153636', '2025-10-21', NULL, NULL, '16:04:00', NULL, 'HADIR', 'Tuesday'),
(1076, 'Santoso Setya S', '1766153636', '2025-10-22', NULL, NULL, '16:28:00', NULL, 'HADIR', 'Wednesday'),
(1077, 'Santoso Setya S', '1766153636', '2025-10-23', NULL, NULL, '19:14:00', NULL, 'HADIR', 'Thursday'),
(1078, 'Santoso Setya S', '1766153636', '2025-10-24', NULL, NULL, '18:50:00', NULL, 'HADIR', 'Friday'),
(1079, 'Santoso Setya S', '1766153636', '2025-10-27', NULL, NULL, '06:43:00', '16:24:00', 'HADIR', 'Monday'),
(1080, 'Santoso Setya S', '1766153636', '2025-10-28', NULL, NULL, '16:16:00', NULL, 'HADIR', 'Tuesday'),
(1081, 'Santoso Setya S', '1766153636', '2025-10-29', NULL, NULL, '18:41:00', NULL, 'HADIR', 'Wednesday'),
(1082, 'Santoso Setya S', '1766153636', '2025-10-30', NULL, NULL, '17:04:00', NULL, 'HADIR', 'Thursday'),
(1083, 'Santoso Setya S', '1766153636', '2025-10-31', NULL, NULL, '20:40:00', NULL, 'HADIR', 'Friday'),
(1084, 'Suharlan', 'DS074', '2025-10-02', NULL, NULL, '08:53:00', NULL, 'HADIR', 'Thursday'),
(1085, 'Suharlan', 'DS074', '2025-10-03', NULL, NULL, '08:32:00', NULL, 'HADIR', 'Friday'),
(1086, 'Suharlan', 'DS074', '2025-10-06', NULL, NULL, '08:52:00', NULL, 'HADIR', 'Monday'),
(1087, 'Suharlan', 'DS074', '2025-10-10', NULL, NULL, '08:53:00', NULL, 'HADIR', 'Friday'),
(1088, 'Suharlan', 'DS074', '2025-10-11', NULL, NULL, '09:01:00', NULL, 'HADIR', 'Saturday'),
(1089, 'Suharlan', 'DS074', '2025-10-14', NULL, NULL, '08:55:00', NULL, 'HADIR', 'Tuesday'),
(1090, 'Suharlan', 'DS074', '2025-10-15', NULL, NULL, '08:49:00', NULL, 'HADIR', 'Wednesday'),
(1091, 'Suharlan', 'DS074', '2025-10-18', NULL, NULL, '08:57:00', NULL, 'HADIR', 'Saturday'),
(1092, 'Suharlan', 'DS074', '2025-10-19', NULL, NULL, '07:34:00', NULL, 'HADIR', 'Sunday'),
(1093, 'Suharlan', 'DS074', '2025-10-22', NULL, NULL, '08:52:00', NULL, 'HADIR', 'Wednesday'),
(1094, 'Suharlan', 'DS074', '2025-10-23', NULL, NULL, '08:44:00', NULL, 'HADIR', 'Thursday'),
(1095, 'Suharlan', 'DS074', '2025-10-26', NULL, NULL, '08:59:00', NULL, 'HADIR', 'Sunday'),
(1096, 'Suharlan', 'DS074', '2025-10-27', NULL, NULL, '09:03:00', NULL, 'HADIR', 'Monday'),
(1097, 'Suharlan', 'DS074', '2025-10-30', NULL, NULL, '09:11:00', NULL, 'HADIR', 'Thursday'),
(1098, 'Suharlan', 'DS074', '2025-10-31', NULL, NULL, '09:09:00', NULL, 'HADIR', 'Friday'),
(1099, 'Ahmad Tantowi', 'DS075', '2025-10-04', NULL, NULL, '08:13:00', NULL, 'HADIR', 'Saturday'),
(1100, 'Ahmad Tantowi', 'DS075', '2025-10-05', NULL, NULL, '09:09:00', NULL, 'HADIR', 'Sunday'),
(1101, 'Ahmad Tantowi', 'DS075', '2025-10-08', NULL, NULL, '08:16:00', NULL, 'HADIR', 'Wednesday'),
(1102, 'Ahmad Tantowi', 'DS075', '2025-10-09', NULL, NULL, '08:53:00', NULL, 'HADIR', 'Thursday'),
(1103, 'Ahmad Tantowi', 'DS075', '2025-10-12', NULL, NULL, '09:00:00', NULL, 'HADIR', 'Sunday'),
(1104, 'Ahmad Tantowi', 'DS075', '2025-10-13', NULL, NULL, '08:31:00', NULL, 'HADIR', 'Monday'),
(1105, 'Ahmad Tantowi', 'DS075', '2025-10-16', NULL, NULL, '08:08:00', NULL, 'HADIR', 'Thursday'),
(1106, 'Ahmad Tantowi', 'DS075', '2025-10-17', NULL, NULL, '09:02:00', NULL, 'HADIR', 'Friday'),
(1107, 'Ahmad Tantowi', 'DS075', '2025-10-20', NULL, NULL, '08:35:00', NULL, 'HADIR', 'Monday'),
(1108, 'Ahmad Tantowi', 'DS075', '2025-10-21', NULL, NULL, '08:57:00', NULL, 'HADIR', 'Tuesday'),
(1109, 'Ahmad Tantowi', 'DS075', '2025-10-24', NULL, NULL, '08:45:00', NULL, 'HADIR', 'Friday'),
(1110, 'Ahmad Tantowi', 'DS075', '2025-10-25', NULL, NULL, '09:15:00', NULL, 'HADIR', 'Saturday'),
(1111, 'Ahmad Tantowi', 'DS075', '2025-10-28', NULL, NULL, '09:00:00', '09:04:00', 'HADIR', 'Tuesday'),
(1112, 'Ahmad Tantowi', 'DS075', '2025-10-29', NULL, NULL, '08:51:00', NULL, 'HADIR', 'Wednesday'),
(1113, 'Iwan Sutisna', 'DS076', '2025-10-01', NULL, NULL, '08:30:00', NULL, 'HADIR', 'Wednesday'),
(1114, 'Iwan Sutisna', 'DS076', '2025-10-05', NULL, NULL, '09:04:00', NULL, 'HADIR', 'Sunday'),
(1115, 'Iwan Sutisna', 'DS076', '2025-10-06', NULL, NULL, '09:11:00', NULL, 'HADIR', 'Monday'),
(1116, 'Iwan Sutisna', 'DS076', '2025-10-09', NULL, NULL, '08:53:00', NULL, 'HADIR', 'Thursday'),
(1117, 'Iwan Sutisna', 'DS076', '2025-10-13', NULL, NULL, '08:40:00', NULL, 'HADIR', 'Monday'),
(1118, 'Iwan Sutisna', 'DS076', '2025-10-14', NULL, NULL, '09:08:00', NULL, 'HADIR', 'Tuesday'),
(1119, 'Iwan Sutisna', 'DS076', '2025-10-17', NULL, NULL, '08:54:00', NULL, 'HADIR', 'Friday'),
(1120, 'Iwan Sutisna', 'DS076', '2025-10-18', NULL, NULL, '09:01:00', NULL, 'HADIR', 'Saturday'),
(1121, 'Iwan Sutisna', 'DS076', '2025-10-21', NULL, NULL, '08:53:00', NULL, 'HADIR', 'Tuesday'),
(1122, 'Iwan Sutisna', 'DS076', '2025-10-22', NULL, NULL, '09:42:00', NULL, 'HADIR', 'Wednesday'),
(1123, 'Iwan Sutisna', 'DS076', '2025-10-25', NULL, NULL, '09:18:00', NULL, 'HADIR', 'Saturday'),
(1124, 'Iwan Sutisna', 'DS076', '2025-10-26', NULL, NULL, '09:22:00', NULL, 'HADIR', 'Sunday'),
(1125, 'Iwan Sutisna', 'DS076', '2025-10-29', NULL, NULL, '08:48:00', NULL, 'HADIR', 'Wednesday'),
(1126, 'Iwan Sutisna', 'DS076', '2025-10-30', NULL, NULL, '09:38:00', NULL, 'HADIR', 'Thursday'),
(1127, 'Suhendi', 'DS077', '2025-10-01', NULL, NULL, '06:07:00', '09:09:00', 'HADIR', 'Wednesday'),
(1128, 'Suhendi', 'DS077', '2025-10-03', NULL, NULL, '09:15:00', NULL, 'HADIR', 'Friday'),
(1129, 'Suhendi', 'DS077', '2025-10-04', NULL, NULL, '10:07:00', NULL, 'HADIR', 'Saturday'),
(1130, 'Suhendi', 'DS077', '2025-10-07', NULL, NULL, '09:25:00', NULL, 'HADIR', 'Tuesday'),
(1131, 'Suhendi', 'DS077', '2025-10-11', NULL, NULL, '09:00:00', NULL, 'HADIR', 'Saturday'),
(1132, 'Suhendi', 'DS077', '2025-10-15', NULL, NULL, '08:48:00', NULL, 'HADIR', 'Wednesday'),
(1133, 'Suhendi', 'DS077', '2025-10-16', NULL, NULL, '09:41:00', NULL, 'HADIR', 'Thursday'),
(1134, 'Suhendi', 'DS077', '2025-10-19', NULL, NULL, '07:21:00', NULL, 'HADIR', 'Sunday'),
(1135, 'Suhendi', 'DS077', '2025-10-20', NULL, NULL, '08:59:00', NULL, 'HADIR', 'Monday'),
(1136, 'Suhendi', 'DS077', '2025-10-23', NULL, NULL, '09:22:00', NULL, 'HADIR', 'Thursday'),
(1137, 'Suhendi', 'DS077', '2025-10-24', NULL, NULL, '05:50:00', NULL, 'HADIR', 'Friday'),
(1138, 'Suhendi', 'DS077', '2025-10-27', NULL, NULL, '09:00:00', NULL, 'HADIR', 'Monday'),
(1139, 'Suhendi', 'DS077', '2025-10-28', NULL, NULL, '11:36:00', NULL, 'HADIR', 'Tuesday'),
(1140, 'Suhendi', 'DS077', '2025-10-31', NULL, NULL, '10:06:00', NULL, 'HADIR', 'Friday'),
(1141, 'Dwi Fajar', 'DS078', '2025-10-01', NULL, NULL, '06:07:00', '16:07:00', 'HADIR', 'Wednesday'),
(1142, 'Dwi Fajar', 'DS078', '2025-10-02', NULL, NULL, '05:34:00', '16:46:00', 'HADIR', 'Thursday'),
(1143, 'Dwi Fajar', 'DS078', '2025-10-03', NULL, NULL, '06:31:00', '19:18:00', 'HADIR', 'Friday'),
(1144, 'Dwi Fajar', 'DS078', '2025-10-06', NULL, NULL, '06:37:00', '21:46:00', 'HADIR', 'Monday'),
(1145, 'Dwi Fajar', 'DS078', '2025-10-07', NULL, NULL, '05:33:00', '16:01:00', 'HADIR', 'Tuesday'),
(1146, 'Dwi Fajar', 'DS078', '2025-10-08', NULL, NULL, '06:29:00', '19:24:00', 'HADIR', 'Wednesday'),
(1147, 'Dwi Fajar', 'DS078', '2025-10-09', NULL, NULL, '05:42:00', '21:10:00', 'HADIR', 'Thursday'),
(1148, 'Dwi Fajar', 'DS078', '2025-10-10', NULL, NULL, '05:40:00', '18:22:00', 'HADIR', 'Friday'),
(1149, 'Dwi Fajar', 'DS078', '2025-10-14', NULL, NULL, '06:29:00', '17:34:00', 'HADIR', 'Tuesday'),
(1150, 'Dwi Fajar', 'DS078', '2025-10-15', NULL, NULL, '05:34:00', '23:19:00', 'HADIR', 'Wednesday'),
(1151, 'Dwi Fajar', 'DS078', '2025-10-16', NULL, NULL, '05:44:00', '16:32:00', 'HADIR', 'Thursday'),
(1152, 'Dwi Fajar', 'DS078', '2025-10-17', NULL, NULL, '06:56:00', '18:49:00', 'HADIR', 'Friday'),
(1153, 'Dwi Fajar', 'DS078', '2025-10-20', NULL, NULL, '05:24:00', '20:40:00', 'HADIR', 'Monday'),
(1154, 'Dwi Fajar', 'DS078', '2025-10-21', NULL, NULL, '06:00:00', '21:30:00', 'HADIR', 'Tuesday'),
(1155, 'Dwi Fajar', 'DS078', '2025-10-22', NULL, NULL, '06:21:00', '18:36:00', 'HADIR', 'Wednesday'),
(1156, 'Dwi Fajar', 'DS078', '2025-10-23', NULL, NULL, '06:27:00', '18:57:00', 'HADIR', 'Thursday'),
(1157, 'Dwi Fajar', 'DS078', '2025-10-24', NULL, NULL, '06:20:00', '17:49:00', 'HADIR', 'Friday'),
(1158, 'Dwi Fajar', 'DS078', '2025-10-27', NULL, NULL, '05:39:00', '19:19:00', 'HADIR', 'Monday'),
(1159, 'Dwi Fajar', 'DS078', '2025-10-29', NULL, NULL, '06:24:00', '19:22:00', 'HADIR', 'Wednesday'),
(1160, 'Dwi Fajar', 'DS078', '2025-10-30', NULL, NULL, '06:16:00', '18:35:00', 'HADIR', 'Thursday'),
(1161, 'Dwi Fajar', 'DS078', '2025-10-31', NULL, NULL, '05:49:00', '21:53:00', 'HADIR', 'Friday'),
(1162, 'Rojali', 'DS079', '2025-10-01', NULL, NULL, '06:40:00', '16:14:00', 'HADIR', 'Wednesday'),
(1163, 'Rojali', 'DS079', '2025-10-02', NULL, NULL, '06:42:00', '16:00:00', 'HADIR', 'Thursday'),
(1164, 'Rojali', 'DS079', '2025-10-03', NULL, NULL, '06:47:00', '16:54:00', 'HADIR', 'Friday'),
(1165, 'Rojali', 'DS079', '2025-10-05', NULL, NULL, '08:02:00', '13:00:00', 'HADIR', 'Sunday'),
(1166, 'Rojali', 'DS079', '2025-10-06', NULL, NULL, '06:44:00', '16:00:00', 'HADIR', 'Monday'),
(1167, 'Rojali', 'DS079', '2025-10-07', NULL, NULL, '06:33:00', '16:00:00', 'HADIR', 'Tuesday'),
(1168, 'Rojali', 'DS079', '2025-10-08', NULL, NULL, '06:43:00', '18:55:00', 'HADIR', 'Wednesday'),
(1169, 'Rojali', 'DS079', '2025-10-09', NULL, NULL, '06:46:00', '16:06:00', 'HADIR', 'Thursday'),
(1170, 'Rojali', 'DS079', '2025-10-10', NULL, NULL, '06:49:00', '16:30:00', 'HADIR', 'Friday'),
(1171, 'Rojali', 'DS079', '2025-10-13', NULL, NULL, '06:33:00', '16:00:00', 'HADIR', 'Monday'),
(1172, 'Rojali', 'DS079', '2025-10-14', NULL, NULL, '06:23:00', '16:01:00', 'HADIR', 'Tuesday'),
(1173, 'Rojali', 'DS079', '2025-10-15', NULL, NULL, '06:46:00', '16:02:00', 'HADIR', 'Wednesday'),
(1174, 'Rojali', 'DS079', '2025-10-16', NULL, NULL, '06:38:00', '16:00:00', 'HADIR', 'Thursday'),
(1175, 'Rojali', 'DS079', '2025-10-17', NULL, NULL, '06:39:00', '07:25:00', 'HADIR', 'Friday'),
(1176, 'Rojali', 'DS079', '2025-10-20', NULL, NULL, '06:39:00', '16:00:00', 'HADIR', 'Monday'),
(1177, 'Rojali', 'DS079', '2025-10-21', NULL, NULL, '06:42:00', '16:00:00', 'HADIR', 'Tuesday'),
(1178, 'Rojali', 'DS079', '2025-10-22', NULL, NULL, '06:47:00', '16:01:00', 'HADIR', 'Wednesday'),
(1179, 'Rojali', 'DS079', '2025-10-23', NULL, NULL, '06:32:00', '16:00:00', 'HADIR', 'Thursday'),
(1180, 'Rojali', 'DS079', '2025-10-24', NULL, NULL, '07:03:00', '16:30:00', 'HADIR', 'Friday'),
(1181, 'Rojali', 'DS079', '2025-10-27', NULL, NULL, '06:56:00', '16:00:00', 'HADIR', 'Monday'),
(1182, 'Rojali', 'DS079', '2025-10-28', NULL, NULL, '07:14:00', '18:56:00', 'HADIR', 'Tuesday'),
(1183, 'Rojali', 'DS079', '2025-10-30', NULL, NULL, '06:52:00', '16:00:00', 'HADIR', 'Thursday'),
(1184, 'Rojali', 'DS079', '2025-10-31', NULL, NULL, '06:49:00', '20:33:00', 'HADIR', 'Friday'),
(1185, 'ADITYA F', '1766153644', '2025-10-02', NULL, NULL, '22:12:00', NULL, 'HADIR', 'Thursday'),
(1186, 'ADITYA F', '1766153644', '2025-10-03', NULL, NULL, '05:40:00', '22:36:00', 'HADIR', 'Friday'),
(1187, 'ADITYA F', '1766153644', '2025-10-04', NULL, NULL, '05:49:00', '19:49:00', 'HADIR', 'Saturday'),
(1188, 'ADITYA F', '1766153644', '2025-10-05', NULL, NULL, '02:20:00', NULL, 'HADIR', 'Sunday'),
(1189, 'ADITYA F', '1766153644', '2025-10-06', NULL, NULL, '08:49:00', '16:17:00', 'HADIR', 'Monday'),
(1190, 'ADITYA F', '1766153644', '2025-10-08', NULL, NULL, '22:21:00', NULL, 'HADIR', 'Wednesday'),
(1191, 'ADITYA F', '1766153644', '2025-10-09', NULL, NULL, '05:34:00', '22:19:00', 'HADIR', 'Thursday'),
(1192, 'ADITYA F', '1766153644', '2025-10-10', NULL, NULL, '05:17:00', NULL, 'HADIR', 'Friday'),
(1193, 'ADITYA F', '1766153644', '2025-10-12', NULL, NULL, '08:22:00', '18:12:00', 'HADIR', 'Sunday'),
(1194, 'ADITYA F', '1766153644', '2025-10-15', NULL, NULL, '22:22:00', NULL, 'HADIR', 'Wednesday'),
(1195, 'ADITYA F', '1766153644', '2025-10-16', NULL, NULL, '05:41:00', NULL, 'HADIR', 'Thursday'),
(1196, 'ADITYA F', '1766153644', '2025-10-18', NULL, NULL, '08:14:00', '16:18:00', 'HADIR', 'Saturday'),
(1197, 'ADITYA F', '1766153644', '2025-10-19', NULL, NULL, '09:06:00', '17:37:00', 'HADIR', 'Sunday'),
(1198, 'ADITYA F', '1766153644', '2025-10-21', NULL, NULL, '22:17:00', NULL, 'HADIR', 'Tuesday'),
(1199, 'ADITYA F', '1766153644', '2025-10-22', NULL, NULL, '05:48:00', NULL, 'HADIR', 'Wednesday'),
(1200, 'ADITYA F', '1766153644', '2025-10-26', NULL, NULL, '22:26:00', NULL, 'HADIR', 'Sunday'),
(1201, 'ADITYA F', '1766153644', '2025-10-27', NULL, NULL, '01:04:00', '22:32:00', 'HADIR', 'Monday'),
(1202, 'ADITYA F', '1766153644', '2025-10-28', NULL, NULL, '05:38:00', NULL, 'HADIR', 'Tuesday'),
(1203, 'ADITYA F', '1766153644', '2025-10-30', NULL, NULL, '10:27:00', '16:19:00', 'HADIR', 'Thursday'),
(1204, 'ADITYA F', '1766153644', '2025-10-31', NULL, NULL, '10:24:00', '18:36:00', 'HADIR', 'Friday'),
(1205, 'Ilham Nurudin', 'DS081', '2025-10-01', NULL, NULL, '08:24:00', '16:22:00', 'HADIR', 'Wednesday'),
(1206, 'Ilham Nurudin', 'DS081', '2025-10-02', NULL, NULL, '06:08:00', '16:33:00', 'HADIR', 'Thursday'),
(1207, 'Ilham Nurudin', 'DS081', '2025-10-03', NULL, NULL, '06:35:00', '16:34:00', 'HADIR', 'Friday'),
(1208, 'Ilham Nurudin', 'DS081', '2025-10-06', NULL, NULL, '16:00:00', NULL, 'HADIR', 'Monday'),
(1209, 'Ilham Nurudin', 'DS081', '2025-10-07', NULL, NULL, '07:44:00', '16:14:00', 'HADIR', 'Tuesday'),
(1210, 'Ilham Nurudin', 'DS081', '2025-10-08', NULL, NULL, '16:13:00', NULL, 'HADIR', 'Wednesday'),
(1211, 'Ilham Nurudin', 'DS081', '2025-10-09', NULL, NULL, '06:35:00', '16:11:00', 'HADIR', 'Thursday'),
(1212, 'Ilham Nurudin', 'DS081', '2025-10-10', NULL, NULL, '16:36:00', NULL, 'HADIR', 'Friday'),
(1213, 'Ilham Nurudin', 'DS081', '2025-10-13', NULL, NULL, '07:22:00', '16:04:00', 'HADIR', 'Monday'),
(1214, 'Ilham Nurudin', 'DS081', '2025-10-14', NULL, NULL, '16:07:00', NULL, 'HADIR', 'Tuesday'),
(1215, 'Ilham Nurudin', 'DS081', '2025-10-15', NULL, NULL, '07:45:00', '16:56:00', 'HADIR', 'Wednesday'),
(1216, 'Ilham Nurudin', 'DS081', '2025-10-16', NULL, NULL, '16:28:00', NULL, 'HADIR', 'Thursday'),
(1217, 'Ilham Nurudin', 'DS081', '2025-10-17', NULL, NULL, '07:37:00', '16:37:00', 'HADIR', 'Friday'),
(1218, 'Ilham Nurudin', 'DS081', '2025-10-20', NULL, NULL, '06:18:00', '16:32:00', 'HADIR', 'Monday'),
(1219, 'Ilham Nurudin', 'DS081', '2025-10-21', NULL, NULL, '07:36:00', NULL, 'HADIR', 'Tuesday'),
(1220, 'Ilham Nurudin', 'DS081', '2025-10-22', NULL, NULL, '07:22:00', '16:06:00', 'HADIR', 'Wednesday'),
(1221, 'Ilham Nurudin', 'DS081', '2025-10-27', NULL, NULL, '16:57:00', NULL, 'HADIR', 'Monday'),
(1222, 'Ilham Nurudin', 'DS081', '2025-10-28', NULL, NULL, '17:08:00', NULL, 'HADIR', 'Tuesday'),
(1223, 'Ilham Nurudin', 'DS081', '2025-10-29', NULL, NULL, '07:28:00', '16:51:00', 'HADIR', 'Wednesday'),
(1224, 'Ilham Nurudin', 'DS081', '2025-10-30', NULL, NULL, '07:47:00', '16:24:00', 'HADIR', 'Thursday'),
(1225, 'Ilham Nurudin', 'DS081', '2025-10-31', NULL, NULL, '17:18:00', NULL, 'HADIR', 'Friday'),
(1226, 'Alinah', 'DS083', '2025-10-01', NULL, NULL, '05:58:00', '13:27:00', 'HADIR', 'Wednesday'),
(1227, 'Alinah', 'DS083', '2025-10-02', NULL, NULL, '05:41:00', '13:32:00', 'HADIR', 'Thursday'),
(1228, 'Alinah', 'DS083', '2025-10-03', NULL, NULL, '05:55:00', '13:40:00', 'HADIR', 'Friday'),
(1229, 'Alinah', 'DS083', '2025-10-06', NULL, NULL, '05:34:00', '13:35:00', 'HADIR', 'Monday'),
(1230, 'Alinah', 'DS083', '2025-10-07', NULL, NULL, '05:47:00', '13:55:00', 'HADIR', 'Tuesday'),
(1231, 'Alinah', 'DS083', '2025-10-08', NULL, NULL, '05:57:00', '13:30:00', 'HADIR', 'Wednesday'),
(1232, 'Alinah', 'DS083', '2025-10-09', NULL, NULL, '05:55:00', '13:32:00', 'HADIR', 'Thursday'),
(1233, 'Alinah', 'DS083', '2025-10-10', NULL, NULL, '05:40:00', '13:31:00', 'HADIR', 'Friday'),
(1234, 'Alinah', 'DS083', '2025-10-13', NULL, NULL, '05:34:00', '13:30:00', 'HADIR', 'Monday'),
(1235, 'Alinah', 'DS083', '2025-10-14', NULL, NULL, '05:47:00', '13:31:00', 'HADIR', 'Tuesday'),
(1236, 'Alinah', 'DS083', '2025-10-15', NULL, NULL, '05:47:00', '13:31:00', 'HADIR', 'Wednesday'),
(1237, 'Alinah', 'DS083', '2025-10-16', NULL, NULL, '06:11:00', '13:25:00', 'HADIR', 'Thursday'),
(1238, 'Alinah', 'DS083', '2025-10-17', NULL, NULL, '05:46:00', '13:18:00', 'HADIR', 'Friday'),
(1239, 'Alinah', 'DS083', '2025-10-20', NULL, NULL, '05:52:00', '13:25:00', 'HADIR', 'Monday'),
(1240, 'Alinah', 'DS083', '2025-10-21', NULL, NULL, '05:47:00', NULL, 'HADIR', 'Tuesday'),
(1241, 'Alinah', 'DS083', '2025-10-22', NULL, NULL, '05:53:00', '11:44:00', 'HADIR', 'Wednesday'),
(1242, 'Alinah', 'DS083', '2025-10-23', NULL, NULL, '05:37:00', '13:11:00', 'HADIR', 'Thursday'),
(1243, 'Alinah', 'DS083', '2025-10-24', NULL, NULL, '06:13:00', '12:46:00', 'HADIR', 'Friday'),
(1244, 'Alinah', 'DS083', '2025-10-27', NULL, NULL, '05:31:00', '13:08:00', 'HADIR', 'Monday'),
(1245, 'Alinah', 'DS083', '2025-10-28', NULL, NULL, '05:30:00', '13:10:00', 'HADIR', 'Tuesday'),
(1246, 'Alinah', 'DS083', '2025-10-29', NULL, NULL, '05:42:00', '13:14:00', 'HADIR', 'Wednesday'),
(1247, 'Alinah', 'DS083', '2025-10-30', NULL, NULL, '05:43:00', '13:15:00', 'HADIR', 'Thursday'),
(1248, 'Alinah', 'DS083', '2025-10-31', NULL, NULL, '06:01:00', '13:17:00', 'HADIR', 'Friday'),
(1249, 'Sugiyatmi', '1766153649', '2025-10-01', NULL, NULL, '06:34:00', '13:42:00', 'HADIR', 'Wednesday'),
(1250, 'Sugiyatmi', '1766153649', '2025-10-02', NULL, NULL, '06:38:00', '13:40:00', 'HADIR', 'Thursday'),
(1251, 'Sugiyatmi', '1766153649', '2025-10-03', NULL, NULL, '06:36:00', '13:48:00', 'HADIR', 'Friday'),
(1252, 'Sugiyatmi', '1766153649', '2025-10-06', NULL, NULL, '06:27:00', '13:53:00', 'HADIR', 'Monday'),
(1253, 'Sugiyatmi', '1766153649', '2025-10-07', NULL, NULL, '06:27:00', '14:06:00', 'HADIR', 'Tuesday'),
(1254, 'Sugiyatmi', '1766153649', '2025-10-08', NULL, NULL, '06:34:00', '13:45:00', 'HADIR', 'Wednesday'),
(1255, 'Sugiyatmi', '1766153649', '2025-10-09', NULL, NULL, '06:29:00', '13:32:00', 'HADIR', 'Thursday'),
(1256, 'Sugiyatmi', '1766153649', '2025-10-10', NULL, NULL, '06:37:00', '13:32:00', 'HADIR', 'Friday'),
(1257, 'Sugiyatmi', '1766153649', '2025-10-13', NULL, NULL, '06:25:00', '13:30:00', 'HADIR', 'Monday'),
(1258, 'Sugiyatmi', '1766153649', '2025-10-14', NULL, NULL, '06:30:00', '13:31:00', 'HADIR', 'Tuesday'),
(1259, 'Sugiyatmi', '1766153649', '2025-10-15', NULL, NULL, '06:29:00', '13:32:00', 'HADIR', 'Wednesday'),
(1260, 'Sugiyatmi', '1766153649', '2025-10-16', NULL, NULL, '06:33:00', '13:40:00', 'HADIR', 'Thursday'),
(1261, 'Sugiyatmi', '1766153649', '2025-10-17', NULL, NULL, '06:38:00', '13:20:00', 'HADIR', 'Friday'),
(1262, 'Sugiyatmi', '1766153649', '2025-10-20', NULL, NULL, '06:20:00', '13:35:00', 'HADIR', 'Monday'),
(1263, 'Sugiyatmi', '1766153649', '2025-10-23', NULL, NULL, '06:30:00', '13:18:00', 'HADIR', 'Thursday'),
(1264, 'Sugiyatmi', '1766153649', '2025-10-24', NULL, NULL, '06:33:00', '12:49:00', 'HADIR', 'Friday'),
(1265, 'Sugiyatmi', '1766153649', '2025-10-27', NULL, NULL, '06:25:00', '13:19:00', 'HADIR', 'Monday'),
(1266, 'Sugiyatmi', '1766153649', '2025-10-28', NULL, NULL, '06:29:00', '13:18:00', 'HADIR', 'Tuesday'),
(1267, 'Sugiyatmi', '1766153649', '2025-10-29', NULL, NULL, '06:39:00', '13:16:00', 'HADIR', 'Wednesday'),
(1268, 'Sugiyatmi', '1766153649', '2025-10-30', NULL, NULL, '06:30:00', '13:15:00', 'HADIR', 'Thursday'),
(1269, 'Sugiyatmi', '1766153649', '2025-10-31', NULL, NULL, '06:30:00', '13:18:00', 'HADIR', 'Friday'),
(1270, 'Isgiantoro', 'DS085', '2025-10-01', NULL, NULL, '06:08:00', '17:28:00', 'HADIR', 'Wednesday'),
(1271, 'Isgiantoro', 'DS085', '2025-10-02', NULL, NULL, '07:10:00', '19:45:00', 'HADIR', 'Thursday'),
(1272, 'Isgiantoro', 'DS085', '2025-10-03', NULL, NULL, '08:12:00', '16:35:00', 'HADIR', 'Friday'),
(1273, 'Isgiantoro', 'DS085', '2025-10-06', NULL, NULL, '04:44:00', '16:16:00', 'HADIR', 'Monday'),
(1274, 'Isgiantoro', 'DS085', '2025-10-07', NULL, NULL, '07:22:00', '20:40:00', 'HADIR', 'Tuesday'),
(1275, 'Isgiantoro', 'DS085', '2025-10-08', NULL, NULL, '07:26:00', '16:00:00', 'HADIR', 'Wednesday'),
(1276, 'Isgiantoro', 'DS085', '2025-10-09', NULL, NULL, '07:11:00', '16:10:00', 'HADIR', 'Thursday'),
(1277, 'Isgiantoro', 'DS085', '2025-10-10', NULL, NULL, '07:18:00', '18:41:00', 'HADIR', 'Friday'),
(1278, 'Isgiantoro', 'DS085', '2025-10-13', NULL, NULL, '07:19:00', '21:45:00', 'HADIR', 'Monday'),
(1279, 'Isgiantoro', 'DS085', '2025-10-14', NULL, NULL, '06:15:00', '16:33:00', 'HADIR', 'Tuesday'),
(1280, 'Isgiantoro', 'DS085', '2025-10-15', NULL, NULL, '20:54:00', NULL, 'HADIR', 'Wednesday'),
(1281, 'Isgiantoro', 'DS085', '2025-10-16', NULL, NULL, '07:36:00', '20:43:00', 'HADIR', 'Thursday'),
(1282, 'Isgiantoro', 'DS085', '2025-10-17', NULL, NULL, '21:15:00', NULL, 'HADIR', 'Friday'),
(1283, 'Isgiantoro', 'DS085', '2025-10-20', NULL, NULL, '07:15:00', '19:11:00', 'HADIR', 'Monday'),
(1284, 'Isgiantoro', 'DS085', '2025-10-22', NULL, NULL, '08:10:00', '19:05:00', 'HADIR', 'Wednesday'),
(1285, 'Isgiantoro', 'DS085', '2025-10-23', NULL, NULL, '08:24:00', '19:11:00', 'HADIR', 'Thursday'),
(1286, 'Isgiantoro', 'DS085', '2025-10-24', NULL, NULL, '08:36:00', NULL, 'HADIR', 'Friday'),
(1287, 'Isgiantoro', 'DS085', '2025-10-27', NULL, NULL, '20:20:00', '20:37:00', 'HADIR', 'Monday'),
(1288, 'Isgiantoro', 'DS085', '2025-10-28', NULL, NULL, '17:07:00', NULL, 'HADIR', 'Tuesday'),
(1289, 'Isgiantoro', 'DS085', '2025-10-29', NULL, NULL, '07:34:00', '18:32:00', 'HADIR', 'Wednesday'),
(1290, 'Isgiantoro', 'DS085', '2025-10-30', NULL, NULL, '07:24:00', '16:46:00', 'HADIR', 'Thursday'),
(1291, 'Isgiantoro', 'DS085', '2025-10-31', NULL, NULL, '08:53:00', '16:32:00', 'HADIR', 'Friday'),
(1292, 'dwi wahyuningsh', '1766153651', '2025-10-01', NULL, NULL, '08:06:00', NULL, 'HADIR', 'Wednesday'),
(1293, 'dwi wahyuningsh', '1766153651', '2025-10-02', NULL, NULL, '09:03:00', NULL, 'HADIR', 'Thursday'),
(1294, 'dwi wahyuningsh', '1766153651', '2025-10-03', NULL, NULL, '07:17:00', '17:21:00', 'HADIR', 'Friday'),
(1295, 'dwi wahyuningsh', '1766153651', '2025-10-06', NULL, NULL, '07:07:00', NULL, 'HADIR', 'Monday'),
(1296, 'dwi wahyuningsh', '1766153651', '2025-10-07', NULL, NULL, '08:26:00', '16:19:00', 'HADIR', 'Tuesday'),
(1297, 'dwi wahyuningsh', '1766153651', '2025-10-08', NULL, NULL, '07:19:00', '17:17:00', 'HADIR', 'Wednesday'),
(1298, 'dwi wahyuningsh', '1766153651', '2025-10-09', NULL, NULL, '08:10:00', NULL, 'HADIR', 'Thursday'),
(1299, 'dwi wahyuningsh', '1766153651', '2025-10-10', NULL, NULL, '08:22:00', '16:30:00', 'HADIR', 'Friday'),
(1300, 'dwi wahyuningsh', '1766153651', '2025-10-13', NULL, NULL, '06:52:00', '16:10:00', 'HADIR', 'Monday'),
(1301, 'dwi wahyuningsh', '1766153651', '2025-10-14', NULL, NULL, '07:18:00', NULL, 'HADIR', 'Tuesday'),
(1302, 'dwi wahyuningsh', '1766153651', '2025-10-16', NULL, NULL, '08:00:00', '16:43:00', 'HADIR', 'Thursday'),
(1303, 'dwi wahyuningsh', '1766153651', '2025-10-17', NULL, NULL, '08:07:00', NULL, 'HADIR', 'Friday'),
(1304, 'dwi wahyuningsh', '1766153651', '2025-10-20', NULL, NULL, '07:02:00', '16:01:00', 'HADIR', 'Monday'),
(1305, 'dwi wahyuningsh', '1766153651', '2025-10-21', NULL, NULL, '07:20:00', NULL, 'HADIR', 'Tuesday'),
(1306, 'dwi wahyuningsh', '1766153651', '2025-10-24', NULL, NULL, '08:17:00', NULL, 'HADIR', 'Friday'),
(1307, 'dwi wahyuningsh', '1766153651', '2025-10-27', NULL, NULL, '06:59:00', '17:21:00', 'HADIR', 'Monday'),
(1308, 'dwi wahyuningsh', '1766153651', '2025-10-28', NULL, NULL, '07:52:00', NULL, 'HADIR', 'Tuesday'),
(1309, 'dwi wahyuningsh', '1766153651', '2025-10-29', NULL, NULL, '07:45:00', NULL, 'HADIR', 'Wednesday'),
(1310, 'dwi wahyuningsh', '1766153651', '2025-10-30', NULL, NULL, '07:29:00', '17:24:00', 'HADIR', 'Thursday'),
(1311, 'siti nurhasanah', 'DS088', '2025-10-01', NULL, NULL, '17:00:00', NULL, 'HADIR', 'Wednesday'),
(1312, 'siti nurhasanah', 'DS088', '2025-10-02', NULL, NULL, '12:15:00', '17:24:00', 'HADIR', 'Thursday'),
(1313, 'siti nurhasanah', 'DS088', '2025-10-03', NULL, NULL, '08:10:00', '17:32:00', 'HADIR', 'Friday'),
(1314, 'siti nurhasanah', 'DS088', '2025-10-06', NULL, NULL, '08:24:00', '17:52:00', 'HADIR', 'Monday'),
(1315, 'siti nurhasanah', 'DS088', '2025-10-07', NULL, NULL, '08:27:00', '17:45:00', 'HADIR', 'Tuesday'),
(1316, 'siti nurhasanah', 'DS088', '2025-10-08', NULL, NULL, '09:04:00', '18:04:00', 'HADIR', 'Wednesday'),
(1317, 'siti nurhasanah', 'DS088', '2025-10-09', NULL, NULL, '11:33:00', '18:19:00', 'HADIR', 'Thursday'),
(1318, 'siti nurhasanah', 'DS088', '2025-10-10', NULL, NULL, '12:28:00', '18:42:00', 'HADIR', 'Friday'),
(1319, 'siti nurhasanah', 'DS088', '2025-10-15', NULL, NULL, '08:56:00', '17:33:00', 'HADIR', 'Wednesday'),
(1320, 'siti nurhasanah', 'DS088', '2025-10-16', NULL, NULL, '07:54:00', '16:49:00', 'HADIR', 'Thursday'),
(1321, 'siti nurhasanah', 'DS088', '2025-10-17', NULL, NULL, '08:39:00', '19:51:00', 'HADIR', 'Friday'),
(1322, 'siti nurhasanah', 'DS088', '2025-10-20', NULL, NULL, '09:21:00', '18:39:00', 'HADIR', 'Monday'),
(1323, 'siti nurhasanah', 'DS088', '2025-10-22', NULL, NULL, '07:21:00', '18:40:00', 'HADIR', 'Wednesday'),
(1324, 'siti nurhasanah', 'DS088', '2025-10-23', NULL, NULL, '13:02:00', '17:30:00', 'HADIR', 'Thursday'),
(1325, 'siti nurhasanah', 'DS088', '2025-10-24', NULL, NULL, '12:59:00', '18:19:00', 'HADIR', 'Friday'),
(1326, 'siti nurhasanah', 'DS088', '2025-10-28', NULL, NULL, '07:53:00', '17:55:00', 'HADIR', 'Tuesday'),
(1327, 'siti nurhasanah', 'DS088', '2025-10-29', NULL, NULL, '09:11:00', '17:30:00', 'HADIR', 'Wednesday'),
(1328, 'siti nurhasanah', 'DS088', '2025-10-30', NULL, NULL, '07:41:00', '17:33:00', 'HADIR', 'Thursday'),
(1329, 'siti nurhasanah', 'DS088', '2025-10-31', NULL, NULL, '08:45:00', '18:27:00', 'HADIR', 'Friday'),
(1330, 'ARI ARDI', '1766153656', '2025-10-01', NULL, NULL, '07:31:00', '16:02:00', 'HADIR', 'Wednesday'),
(1331, 'ARI ARDI', '1766153656', '2025-10-02', NULL, NULL, '07:03:00', '16:15:00', 'HADIR', 'Thursday'),
(1332, 'ARI ARDI', '1766153656', '2025-10-03', NULL, NULL, '16:30:00', NULL, 'HADIR', 'Friday'),
(1333, 'ARI ARDI', '1766153656', '2025-10-06', NULL, NULL, '07:07:00', '16:41:00', 'HADIR', 'Monday'),
(1334, 'ARI ARDI', '1766153656', '2025-10-07', NULL, NULL, '07:50:00', '16:32:00', 'HADIR', 'Tuesday'),
(1335, 'ARI ARDI', '1766153656', '2025-10-08', NULL, NULL, '08:35:00', '16:03:00', 'HADIR', 'Wednesday'),
(1336, 'ARI ARDI', '1766153656', '2025-10-09', NULL, NULL, '08:28:00', '16:19:00', 'HADIR', 'Thursday'),
(1337, 'ARI ARDI', '1766153656', '2025-10-10', NULL, NULL, '07:15:00', '16:50:00', 'HADIR', 'Friday'),
(1338, 'ARI ARDI', '1766153656', '2025-10-13', NULL, NULL, '07:22:00', '16:11:00', 'HADIR', 'Monday'),
(1339, 'ARI ARDI', '1766153656', '2025-10-14', NULL, NULL, '16:13:00', NULL, 'HADIR', 'Tuesday'),
(1340, 'ARI ARDI', '1766153656', '2025-10-15', NULL, NULL, '07:38:00', '16:24:00', 'HADIR', 'Wednesday'),
(1341, 'ARI ARDI', '1766153656', '2025-10-17', NULL, NULL, '07:07:00', '16:34:00', 'HADIR', 'Friday'),
(1342, 'ARI ARDI', '1766153656', '2025-10-20', NULL, NULL, '07:04:00', '16:07:00', 'HADIR', 'Monday'),
(1343, 'ARI ARDI', '1766153656', '2025-10-21', NULL, NULL, '16:02:00', NULL, 'HADIR', 'Tuesday'),
(1344, 'ARI ARDI', '1766153656', '2025-10-22', NULL, NULL, '16:16:00', '16:27:00', 'HADIR', 'Wednesday'),
(1345, 'ARI ARDI', '1766153656', '2025-10-23', NULL, NULL, '07:22:00', '16:16:00', 'HADIR', 'Thursday'),
(1346, 'ARI ARDI', '1766153656', '2025-10-24', NULL, NULL, '07:39:00', '16:41:00', 'HADIR', 'Friday'),
(1347, 'ARI ARDI', '1766153656', '2025-10-27', NULL, NULL, '06:59:00', '16:07:00', 'HADIR', 'Monday'),
(1348, 'ARI ARDI', '1766153656', '2025-10-28', NULL, NULL, '07:32:00', '16:13:00', 'HADIR', 'Tuesday'),
(1349, 'ARI ARDI', '1766153656', '2025-10-29', NULL, NULL, '07:33:00', '17:10:00', 'HADIR', 'Wednesday'),
(1350, 'ARI ARDI', '1766153656', '2025-10-30', NULL, NULL, '08:06:00', '16:16:00', 'HADIR', 'Thursday'),
(1351, 'ARI ARDI', '1766153656', '2025-10-31', NULL, NULL, '08:06:00', '18:03:00', 'HADIR', 'Friday'),
(1352, 'wahyuni', 'DS090', '2025-10-01', NULL, NULL, '08:44:00', NULL, 'HADIR', 'Wednesday'),
(1353, 'wahyuni', 'DS090', '2025-10-02', NULL, NULL, '09:42:00', '16:24:00', 'HADIR', 'Thursday'),
(1354, 'wahyuni', 'DS090', '2025-10-05', NULL, NULL, '10:13:00', '20:43:00', 'HADIR', 'Sunday'),
(1355, 'wahyuni', 'DS090', '2025-10-06', NULL, NULL, '08:45:00', '18:27:00', 'HADIR', 'Monday'),
(1356, 'wahyuni', 'DS090', '2025-10-07', NULL, NULL, '08:20:00', '16:23:00', 'HADIR', 'Tuesday'),
(1357, 'wahyuni', 'DS090', '2025-10-08', NULL, NULL, '09:01:00', NULL, 'HADIR', 'Wednesday'),
(1358, 'wahyuni', 'DS090', '2025-10-09', NULL, NULL, '08:38:00', '19:14:00', 'HADIR', 'Thursday'),
(1359, 'wahyuni', 'DS090', '2025-10-10', NULL, NULL, '08:49:00', '16:05:00', 'HADIR', 'Friday'),
(1360, 'wahyuni', 'DS090', '2025-10-13', NULL, NULL, '08:44:00', '17:12:00', 'HADIR', 'Monday'),
(1361, 'wahyuni', 'DS090', '2025-10-15', NULL, NULL, '09:49:00', '16:08:00', 'HADIR', 'Wednesday'),
(1362, 'wahyuni', 'DS090', '2025-10-16', NULL, NULL, '09:31:00', '16:24:00', 'HADIR', 'Thursday'),
(1363, 'wahyuni', 'DS090', '2025-10-17', NULL, NULL, '09:49:00', NULL, 'HADIR', 'Friday'),
(1364, 'wahyuni', 'DS090', '2025-10-18', NULL, NULL, '10:32:00', '20:12:00', 'HADIR', 'Saturday'),
(1365, 'wahyuni', 'DS090', '2025-10-20', NULL, NULL, '09:12:00', '16:40:00', 'HADIR', 'Monday'),
(1366, 'wahyuni', 'DS090', '2025-10-21', NULL, NULL, '10:22:00', '16:01:00', 'HADIR', 'Tuesday'),
(1367, 'wahyuni', 'DS090', '2025-10-22', NULL, NULL, '09:36:00', '16:08:00', 'HADIR', 'Wednesday'),
(1368, 'wahyuni', 'DS090', '2025-10-23', NULL, NULL, '06:09:00', NULL, 'HADIR', 'Thursday'),
(1369, 'wahyuni', 'DS090', '2025-10-26', NULL, NULL, '09:45:00', '17:41:00', 'HADIR', 'Sunday'),
(1370, 'wahyuni', 'DS090', '2025-10-29', NULL, NULL, '09:14:00', '16:53:00', 'HADIR', 'Wednesday'),
(1371, 'wahyuni', 'DS090', '2025-10-30', NULL, NULL, '08:38:00', '20:01:00', 'HADIR', 'Thursday'),
(1372, 'wahyuni', 'DS090', '2025-10-31', NULL, NULL, '20:14:00', '23:01:00', 'HADIR', 'Friday'),
(1373, 'bebo karsono', 'DS0', '2025-10-01', NULL, NULL, '08:50:00', '17:04:00', 'HADIR', 'Wednesday'),
(1374, 'bebo karsono', 'DS0', '2025-10-02', NULL, NULL, '08:34:00', NULL, 'HADIR', 'Thursday'),
(1375, 'bebo karsono', 'DS0', '2025-10-06', NULL, NULL, '07:47:00', NULL, 'HADIR', 'Monday'),
(1376, 'bebo karsono', 'DS0', '2025-10-07', NULL, NULL, '16:15:00', NULL, 'HADIR', 'Tuesday'),
(1377, 'ninik samini', 'DS092', '2025-10-01', NULL, NULL, '08:07:00', '17:00:00', 'HADIR', 'Wednesday'),
(1378, 'ninik samini', 'DS092', '2025-10-03', NULL, NULL, '07:31:00', '16:39:00', 'HADIR', 'Friday'),
(1379, 'ninik samini', 'DS092', '2025-10-04', NULL, NULL, '08:57:00', NULL, 'HADIR', 'Saturday'),
(1380, 'ninik samini', 'DS092', '2025-10-07', NULL, NULL, '07:57:00', '16:44:00', 'HADIR', 'Tuesday'),
(1381, 'ninik samini', 'DS092', '2025-10-08', NULL, NULL, '07:46:00', '16:57:00', 'HADIR', 'Wednesday'),
(1382, 'ninik samini', 'DS092', '2025-10-09', NULL, NULL, '07:46:00', '16:57:00', 'HADIR', 'Thursday'),
(1383, 'ninik samini', 'DS092', '2025-10-10', NULL, NULL, '08:00:00', '18:36:00', 'HADIR', 'Friday'),
(1384, 'ninik samini', 'DS092', '2025-10-14', NULL, NULL, '07:46:00', '16:49:00', 'HADIR', 'Tuesday'),
(1385, 'ninik samini', 'DS092', '2025-10-15', NULL, NULL, '07:01:00', '16:29:00', 'HADIR', 'Wednesday'),
(1386, 'ninik samini', 'DS092', '2025-10-16', NULL, NULL, '08:03:00', '17:09:00', 'HADIR', 'Thursday'),
(1387, 'ninik samini', 'DS092', '2025-10-17', NULL, NULL, '08:33:00', NULL, 'HADIR', 'Friday'),
(1388, 'ninik samini', 'DS092', '2025-10-20', NULL, NULL, '08:03:00', '16:13:00', 'HADIR', 'Monday'),
(1389, 'ninik samini', 'DS092', '2025-10-22', NULL, NULL, '07:50:00', '16:27:00', 'HADIR', 'Wednesday'),
(1390, 'ninik samini', 'DS092', '2025-10-23', NULL, NULL, '07:37:00', '16:26:00', 'HADIR', 'Thursday'),
(1391, 'ninik samini', 'DS092', '2025-10-25', NULL, NULL, '08:30:00', '18:06:00', 'HADIR', 'Saturday'),
(1392, 'ninik samini', 'DS092', '2025-10-27', NULL, NULL, '07:59:00', '16:19:00', 'HADIR', 'Monday'),
(1393, 'ninik samini', 'DS092', '2025-10-28', NULL, NULL, '07:33:00', '17:48:00', 'HADIR', 'Tuesday'),
(1394, 'roni parulian', '1766153660', '2025-10-03', NULL, NULL, '08:06:00', '19:30:00', 'HADIR', 'Friday'),
(1395, 'roni parulian', '1766153660', '2025-10-04', NULL, NULL, '20:24:00', NULL, 'HADIR', 'Saturday'),
(1396, 'roni parulian', '1766153660', '2025-10-05', NULL, NULL, '05:57:00', '20:35:00', 'HADIR', 'Sunday'),
(1397, 'roni parulian', '1766153660', '2025-10-06', NULL, NULL, '05:35:00', NULL, 'HADIR', 'Monday'),
(1398, 'roni parulian', '1766153660', '2025-10-08', NULL, NULL, '07:28:00', '17:53:00', 'HADIR', 'Wednesday'),
(1399, 'roni parulian', '1766153660', '2025-10-10', NULL, NULL, '20:27:00', NULL, 'HADIR', 'Friday'),
(1400, 'roni parulian', '1766153660', '2025-10-11', NULL, NULL, '05:40:00', '20:06:00', 'HADIR', 'Saturday'),
(1401, 'roni parulian', '1766153660', '2025-10-14', NULL, NULL, '08:24:00', '16:49:00', 'HADIR', 'Tuesday'),
(1402, 'roni parulian', '1766153660', '2025-10-15', NULL, NULL, '09:00:00', '17:00:00', 'HADIR', 'Wednesday'),
(1403, 'roni parulian', '1766153660', '2025-10-16', NULL, NULL, '20:18:00', NULL, 'HADIR', 'Thursday'),
(1404, 'roni parulian', '1766153660', '2025-10-17', NULL, NULL, '20:27:00', NULL, 'HADIR', 'Friday'),
(1405, 'roni parulian', '1766153660', '2025-10-20', NULL, NULL, '08:34:00', '16:57:00', 'HADIR', 'Monday'),
(1406, 'roni parulian', '1766153660', '2025-10-21', NULL, NULL, '08:38:00', NULL, 'HADIR', 'Tuesday'),
(1407, 'roni parulian', '1766153660', '2025-10-23', NULL, NULL, '20:14:00', NULL, 'HADIR', 'Thursday'),
(1408, 'roni parulian', '1766153660', '2025-10-26', NULL, NULL, '09:08:00', '16:41:00', 'HADIR', 'Sunday'),
(1409, 'roni parulian', '1766153660', '2025-10-27', NULL, NULL, '08:38:00', '17:04:00', 'HADIR', 'Monday'),
(1410, 'roni parulian', '1766153660', '2025-10-28', NULL, NULL, '20:22:00', NULL, 'HADIR', 'Tuesday'),
(1411, 'roni parulian', '1766153660', '2025-10-29', NULL, NULL, '05:29:00', '20:08:00', 'HADIR', 'Wednesday'),
(1412, 'roni parulian', '1766153660', '2025-10-30', NULL, NULL, '05:31:00', NULL, 'HADIR', 'Thursday'),
(1413, 'danan jaya', '1766153661', '2025-10-17', NULL, NULL, '08:38:00', '17:03:00', 'HADIR', 'Friday'),
(1414, 'danan jaya', '1766153661', '2025-10-18', NULL, NULL, '09:50:00', NULL, 'HADIR', 'Saturday'),
(1415, 'danan jaya', '1766153661', '2025-10-23', NULL, NULL, '09:07:00', NULL, 'HADIR', 'Thursday'),
(1416, 'danan jaya', '1766153661', '2025-10-28', NULL, NULL, '08:06:00', '15:30:00', 'HADIR', 'Tuesday'),
(1417, 'danan jaya', '1766153661', '2025-10-29', NULL, NULL, '08:03:00', NULL, 'HADIR', 'Wednesday'),
(1418, 'danan jaya', '1766153661', '2025-10-30', NULL, NULL, '19:00:00', NULL, 'HADIR', 'Thursday'),
(1419, 'dzulfahmi', 'DS097', '2025-10-01', NULL, NULL, '11:36:00', '19:19:00', 'HADIR', 'Wednesday'),
(1420, 'dzulfahmi', 'DS097', '2025-10-02', NULL, NULL, '21:39:00', NULL, 'HADIR', 'Thursday'),
(1421, 'dzulfahmi', 'DS097', '2025-10-03', NULL, NULL, '05:45:00', '22:27:00', 'HADIR', 'Friday'),
(1422, 'dzulfahmi', 'DS097', '2025-10-04', NULL, NULL, '10:07:00', NULL, 'HADIR', 'Saturday'),
(1423, 'dzulfahmi', 'DS097', '2025-10-08', NULL, NULL, '21:38:00', NULL, 'HADIR', 'Wednesday'),
(1424, 'dzulfahmi', 'DS097', '2025-10-09', NULL, NULL, '05:50:00', '23:00:00', 'HADIR', 'Thursday'),
(1425, 'dzulfahmi', 'DS097', '2025-10-10', NULL, NULL, '05:16:00', NULL, 'HADIR', 'Friday'),
(1426, 'dzulfahmi', 'DS097', '2025-10-12', NULL, NULL, '12:57:00', '19:48:00', 'HADIR', 'Sunday'),
(1427, 'dzulfahmi', 'DS097', '2025-10-13', NULL, NULL, '10:48:00', '17:41:00', 'HADIR', 'Monday'),
(1428, 'dzulfahmi', 'DS097', '2025-10-14', NULL, NULL, '22:23:00', NULL, 'HADIR', 'Tuesday'),
(1429, 'dzulfahmi', 'DS097', '2025-10-15', NULL, NULL, '06:18:00', '23:48:00', 'HADIR', 'Wednesday'),
(1430, 'dzulfahmi', 'DS097', '2025-10-16', NULL, NULL, '00:14:00', '05:41:00', 'HADIR', 'Thursday'),
(1431, 'dzulfahmi', 'DS097', '2025-10-18', NULL, NULL, '13:34:00', '18:58:00', 'HADIR', 'Saturday'),
(1432, 'dzulfahmi', 'DS097', '2025-10-19', NULL, NULL, '12:22:00', '19:24:00', 'HADIR', 'Sunday'),
(1433, 'dzulfahmi', 'DS097', '2025-10-20', NULL, NULL, '21:24:00', NULL, 'HADIR', 'Monday'),
(1434, 'dzulfahmi', 'DS097', '2025-10-21', NULL, NULL, '05:38:00', '22:02:00', 'HADIR', 'Tuesday'),
(1435, 'dzulfahmi', 'DS097', '2025-10-22', NULL, NULL, '05:48:00', NULL, 'HADIR', 'Wednesday'),
(1436, 'dzulfahmi', 'DS097', '2025-10-25', NULL, NULL, '12:29:00', '20:59:00', 'HADIR', 'Saturday'),
(1437, 'dzulfahmi', 'DS097', '2025-10-26', NULL, NULL, '22:24:00', '22:26:00', 'HADIR', 'Sunday'),
(1438, 'dzulfahmi', 'DS097', '2025-10-27', NULL, NULL, '06:01:00', '22:57:00', 'HADIR', 'Monday'),
(1439, 'dzulfahmi', 'DS097', '2025-10-28', NULL, NULL, '05:41:00', NULL, 'HADIR', 'Tuesday'),
(1440, 'dzulfahmi', 'DS097', '2025-10-31', NULL, NULL, '12:05:00', '18:58:00', 'HADIR', 'Friday'),
(1441, 'AGUS N', '1766153665', '2025-10-01', NULL, NULL, '07:38:00', NULL, 'HADIR', 'Wednesday'),
(1442, 'AGUS N', '1766153665', '2025-10-02', NULL, NULL, '07:39:00', '17:44:00', 'HADIR', 'Thursday'),
(1443, 'AGUS N', '1766153665', '2025-10-03', NULL, NULL, '07:54:00', '17:30:00', 'HADIR', 'Friday'),
(1444, 'AGUS N', '1766153665', '2025-10-06', NULL, NULL, '07:58:00', '18:15:00', 'HADIR', 'Monday'),
(1445, 'AGUS N', '1766153665', '2025-10-07', NULL, NULL, '07:35:00', '18:20:00', 'HADIR', 'Tuesday'),
(1446, 'AGUS N', '1766153665', '2025-10-08', NULL, NULL, '07:39:00', '18:21:00', 'HADIR', 'Wednesday'),
(1447, 'AGUS N', '1766153665', '2025-10-09', NULL, NULL, '08:10:00', '18:03:00', 'HADIR', 'Thursday'),
(1448, 'AGUS N', '1766153665', '2025-10-10', NULL, NULL, '08:08:00', '18:29:00', 'HADIR', 'Friday'),
(1449, 'AGUS N', '1766153665', '2025-10-13', NULL, NULL, '07:41:00', '16:44:00', 'HADIR', 'Monday'),
(1450, 'AGUS N', '1766153665', '2025-10-14', NULL, NULL, '07:49:00', '17:44:00', 'HADIR', 'Tuesday'),
(1451, 'AGUS N', '1766153665', '2025-10-15', NULL, NULL, '07:35:00', '17:56:00', 'HADIR', 'Wednesday'),
(1452, 'AGUS N', '1766153665', '2025-10-16', NULL, NULL, '07:57:00', '16:35:00', 'HADIR', 'Thursday'),
(1453, 'AGUS N', '1766153665', '2025-10-17', NULL, NULL, '07:55:00', '17:06:00', 'HADIR', 'Friday'),
(1454, 'AGUS N', '1766153665', '2025-10-20', NULL, NULL, '07:40:00', '16:47:00', 'HADIR', 'Monday'),
(1455, 'AGUS N', '1766153665', '2025-10-21', NULL, NULL, '08:08:00', '18:16:00', 'HADIR', 'Tuesday'),
(1456, 'AGUS N', '1766153665', '2025-10-22', NULL, NULL, '08:19:00', '18:26:00', 'HADIR', 'Wednesday'),
(1457, 'AGUS N', '1766153665', '2025-10-23', NULL, NULL, '08:03:00', '17:23:00', 'HADIR', 'Thursday'),
(1458, 'AGUS N', '1766153665', '2025-10-24', NULL, NULL, '08:15:00', '16:45:00', 'HADIR', 'Friday'),
(1459, 'AGUS N', '1766153665', '2025-10-27', NULL, NULL, '08:02:00', '16:09:00', 'HADIR', 'Monday'),
(1460, 'AGUS N', '1766153665', '2025-10-31', NULL, NULL, '07:46:00', '18:38:00', 'HADIR', 'Friday'),
(1461, 'DIAN I', '1766153666', '2025-10-01', NULL, NULL, '09:17:00', NULL, 'HADIR', 'Wednesday'),
(1462, 'DIAN I', '1766153666', '2025-10-02', NULL, NULL, '07:46:00', NULL, 'HADIR', 'Thursday'),
(1463, 'DIAN I', '1766153666', '2025-10-03', NULL, NULL, '09:15:00', '14:27:00', 'HADIR', 'Friday'),
(1464, 'DIAN I', '1766153666', '2025-10-04', NULL, NULL, '21:07:00', NULL, 'HADIR', 'Saturday');
INSERT INTO `absensi_harian` (`id`, `nama`, `nip`, `tanggal`, `bulan`, `tahun`, `jam_in`, `jam_out`, `keterangan`, `hari`) VALUES
(1465, 'DIAN I', '1766153666', '2025-10-05', NULL, NULL, '07:55:00', '21:05:00', 'HADIR', 'Sunday'),
(1466, 'DIAN I', '1766153666', '2025-10-06', NULL, NULL, '00:30:00', '12:27:00', 'HADIR', 'Monday'),
(1467, 'DIAN I', '1766153666', '2025-10-08', NULL, NULL, '08:29:00', '13:16:00', 'HADIR', 'Wednesday'),
(1468, 'DIAN I', '1766153666', '2025-10-09', NULL, NULL, '09:25:00', '15:27:00', 'HADIR', 'Thursday'),
(1469, 'DIAN I', '1766153666', '2025-10-10', NULL, NULL, '21:09:00', NULL, 'HADIR', 'Friday'),
(1470, 'DIAN I', '1766153666', '2025-10-11', NULL, NULL, '06:05:00', '07:45:00', 'HADIR', 'Saturday'),
(1471, 'DIAN I', '1766153666', '2025-10-14', NULL, NULL, '08:24:00', '12:07:00', 'HADIR', 'Tuesday'),
(1472, 'DIAN I', '1766153666', '2025-10-15', NULL, NULL, '09:37:00', '14:10:00', 'HADIR', 'Wednesday'),
(1473, 'DIAN I', '1766153666', '2025-10-17', NULL, NULL, '21:24:00', '23:55:00', 'HADIR', 'Friday'),
(1474, 'DIAN I', '1766153666', '2025-10-18', NULL, NULL, '00:21:00', '19:33:00', 'HADIR', 'Saturday'),
(1475, 'DIAN I', '1766153666', '2025-10-20', NULL, NULL, '09:14:00', '14:29:00', 'HADIR', 'Monday'),
(1476, 'DIAN I', '1766153666', '2025-10-21', NULL, NULL, '09:30:00', '16:19:00', 'HADIR', 'Tuesday'),
(1477, 'DIAN I', '1766153666', '2025-10-23', NULL, NULL, '21:42:00', '23:39:00', 'HADIR', 'Thursday'),
(1478, 'DIAN I', '1766153666', '2025-10-26', NULL, NULL, '10:04:00', '17:00:00', 'HADIR', 'Sunday'),
(1479, 'DIAN I', '1766153666', '2025-10-27', NULL, NULL, '09:03:00', '18:09:00', 'HADIR', 'Monday'),
(1480, 'DIAN I', '1766153666', '2025-10-28', NULL, NULL, '20:36:00', NULL, 'HADIR', 'Tuesday'),
(1481, 'DIAN I', '1766153666', '2025-10-29', NULL, NULL, '03:54:00', '20:12:00', 'HADIR', 'Wednesday'),
(1482, 'DIAN I', '1766153666', '2025-10-30', NULL, NULL, '00:49:00', NULL, 'HADIR', 'Thursday'),
(1483, 'DIAN I', '1766153666', '2025-10-31', NULL, NULL, '23:03:00', NULL, 'HADIR', 'Friday'),
(1484, '', 'DS043', '2025-10-25', NULL, NULL, NULL, NULL, 'Libur', 'Saturday'),
(1485, '', 'DS043', '2025-10-26', NULL, NULL, NULL, NULL, 'Libur', 'Sunday'),
(1486, '', '1766153578', '2025-10-01', NULL, NULL, NULL, NULL, 'Sakit', 'Wednesday'),
(1487, '', '1766153578', '2025-10-02', NULL, NULL, NULL, NULL, 'Sakit', 'Thursday'),
(1488, '', '1766153578', '2025-10-03', NULL, NULL, NULL, NULL, 'Dinas Luar', 'Friday');

-- --------------------------------------------------------

--
-- Table structure for table `bobot`
--

CREATE TABLE `bobot` (
  `id` int(11) NOT NULL,
  `hari_kerja` float DEFAULT 0.5,
  `skills` float DEFAULT 0.3,
  `attitude` float DEFAULT 0.2
) ENGINE=InnoDB DEFAULT CHARSET=utf8mb4 COLLATE=utf8mb4_general_ci;

--
-- Dumping data for table `bobot`
--

INSERT INTO `bobot` (`id`, `hari_kerja`, `skills`, `attitude`) VALUES
(1, 0.5, 0.4, 0.1),
(2, 40, 30, 30);

-- --------------------------------------------------------

--
-- Table structure for table `divisi`
--

CREATE TABLE `divisi` (
  `id_divisi` int(11) NOT NULL,
  `nama_divisi` varchar(100) NOT NULL,
  `created_at` timestamp NOT NULL DEFAULT current_timestamp()
) ENGINE=InnoDB DEFAULT CHARSET=utf8mb4 COLLATE=utf8mb4_general_ci;

--
-- Dumping data for table `divisi`
--

INSERT INTO `divisi` (`id_divisi`, `nama_divisi`, `created_at`) VALUES
(1, 'Linjamsos', '2025-11-21 13:59:54'),
(2, 'Rehabsos', '2025-11-24 13:00:04'),
(3, 'Dayasos', '2025-11-24 13:00:11'),
(6, 'Sekretariat', '2025-11-24 13:00:32');

-- --------------------------------------------------------

--
-- Table structure for table `pegawai`
--

CREATE TABLE `pegawai` (
  `id_pegawai` int(11) NOT NULL,
  `nip` varchar(50) DEFAULT NULL,
  `nama_pegawai` varchar(100) DEFAULT NULL,
  `id_divisi` int(11) DEFAULT NULL,
  `divisi` varchar(100) DEFAULT NULL,
  `jabatan` varchar(100) DEFAULT NULL,
  `status_aktif` enum('aktif','nonaktif') DEFAULT 'aktif',
  `tanggal_dibuat` datetime DEFAULT current_timestamp()
) ENGINE=InnoDB DEFAULT CHARSET=utf8mb4 COLLATE=utf8mb4_general_ci;

--
-- Dumping data for table `pegawai`
--

INSERT INTO `pegawai` (`id_pegawai`, `nip`, `nama_pegawai`, `id_divisi`, `divisi`, `jabatan`, `status_aktif`, `tanggal_dibuat`) VALUES
(1, 'DS043', 'Abdul Mait, S.E', 1, NULL, NULL, 'aktif', '2025-11-16 19:51:49'),
(2, 'DS041', 'Ade Irmayanti', 6, NULL, NULL, 'aktif', '2025-11-16 19:51:49'),
(3, 'DS010', 'Adi Mulyanto, SE', NULL, NULL, NULL, 'aktif', '2025-11-16 19:51:49'),
(4, 'DS098', 'Agus Nurcahyo, S.Kom', NULL, NULL, NULL, 'aktif', '2025-11-16 19:51:49'),
(5, 'DS002', 'Ahmad Kandiaz, S.H', NULL, NULL, NULL, 'aktif', '2025-11-16 19:51:49'),
(6, 'DS063', 'Ahmad Rinduwan', NULL, NULL, NULL, 'aktif', '2025-11-16 19:51:49'),
(7, 'DS058', 'Ahmad Sopian, S.E', NULL, NULL, NULL, 'aktif', '2025-11-16 19:51:49'),
(8, 'DS083', 'Alinah', NULL, NULL, NULL, 'aktif', '2025-11-16 19:51:49'),
(9, 'DS069', 'Andriani Prayuda, S.M', NULL, NULL, NULL, 'aktif', '2025-11-16 19:51:49'),
(10, 'DS017', 'Anggriyani Daulay, S.Kom', NULL, NULL, NULL, 'aktif', '2025-11-16 19:51:49'),
(11, 'DS060', 'Annisa Ameliasyari', NULL, NULL, NULL, 'aktif', '2025-11-16 19:51:49'),
(12, 'DS009', 'Ari Ardiansah', NULL, NULL, NULL, 'aktif', '2025-11-16 19:51:49'),
(13, 'DS020', 'Ari Widiastuti, A.Md', NULL, NULL, NULL, 'aktif', '2025-11-16 19:51:49'),
(14, 'DS031', 'Azis Fadhillah, S.H', NULL, NULL, NULL, 'aktif', '2025-11-16 19:51:49'),
(15, 'DS070', 'Burhanudin Jaelani Ibnu Ruslan', NULL, NULL, NULL, 'aktif', '2025-11-16 19:51:49'),
(16, 'DS054', 'Darmendra Febrianto, S.E', NULL, NULL, NULL, 'aktif', '2025-11-16 19:51:49'),
(17, 'DS071', 'Desy Wijiyanti, S.Kom.', NULL, NULL, NULL, 'aktif', '2025-11-16 19:51:49'),
(18, 'DS078', 'Dwi Fajar', NULL, NULL, NULL, 'aktif', '2025-11-16 19:51:49'),
(19, 'DS086', 'Dwi Wahyuningsih', NULL, NULL, NULL, 'aktif', '2025-11-16 19:51:49'),
(20, 'DS042', 'Eroh Rohayati, S.Kom', NULL, NULL, NULL, 'aktif', '2025-11-16 19:51:49'),
(21, 'DS006', 'Erry Eka Pratama', NULL, NULL, NULL, 'aktif', '2025-11-16 19:51:50'),
(22, 'DS066', 'Fahmi Angga Yudha, A.Md', NULL, NULL, NULL, 'aktif', '2025-11-16 19:51:50'),
(23, 'DS053', 'Hasan Basri,S.AP', NULL, NULL, NULL, 'aktif', '2025-11-16 19:51:50'),
(24, 'DS056', 'Hindawan Yuniar, S.I.Kom', NULL, NULL, NULL, 'aktif', '2025-11-16 19:51:50'),
(25, 'DS022', 'Iis Afriyanti, A.Md', NULL, NULL, NULL, 'aktif', '2025-11-16 19:51:50'),
(26, 'DS061', 'Ikhwan Adi Putra', NULL, NULL, NULL, 'aktif', '2025-11-16 19:51:50'),
(27, 'DS081', 'Ilham Nurudin', NULL, NULL, NULL, 'aktif', '2025-11-16 19:51:50'),
(28, 'DS037', 'Irmawati, S.M.', NULL, NULL, NULL, 'aktif', '2025-11-16 19:51:50'),
(29, 'DS085', 'Isgiantoro', NULL, NULL, NULL, 'aktif', '2025-11-16 19:51:50'),
(30, 'DS021', 'Istiqomah Aisyiyah, S.Sos', NULL, NULL, NULL, 'aktif', '2025-11-16 19:51:50'),
(31, 'DS062', 'Istiyar Iman Aldriansyah, S.Kom', NULL, NULL, NULL, 'aktif', '2025-11-16 19:51:50'),
(32, 'DS064', 'Laras Tyas Ayu Pramudya, S.KM', NULL, NULL, NULL, 'aktif', '2025-11-16 19:51:50'),
(33, 'DS013', 'Leo Wahyudi, S.H', NULL, NULL, NULL, 'aktif', '2025-11-16 19:51:50'),
(34, 'DS065', 'Lilis Suryani, S.E', NULL, NULL, NULL, 'aktif', '2025-11-16 19:51:50'),
(35, 'DS059', 'Linda Amalia,S.Psi', NULL, NULL, NULL, 'aktif', '2025-11-16 19:51:50'),
(36, 'DS039', 'Mariyah, S.E', NULL, NULL, NULL, 'aktif', '2025-11-16 19:51:50'),
(37, 'DS004', 'Mawaddah Khalisah, S.E.', NULL, NULL, NULL, 'aktif', '2025-11-16 19:51:50'),
(38, 'DS015', 'Methatia Cahya, S.H', NULL, NULL, NULL, 'aktif', '2025-11-16 19:51:50'),
(39, 'DS067', 'Muhamad Rizki', NULL, NULL, NULL, 'aktif', '2025-11-16 19:51:50'),
(40, 'DS016', 'Nadya Ayu Permatasari, S.Sos', NULL, NULL, NULL, 'aktif', '2025-11-16 19:51:50'),
(41, 'DS007', 'Nia Lestari, A.Md', NULL, NULL, NULL, 'aktif', '2025-11-16 19:51:50'),
(42, 'DS012', 'Nico Reynold Adiputro', NULL, NULL, NULL, 'aktif', '2025-11-16 19:51:50'),
(43, 'DS040', 'Niko Septian Hadi, S.Kom', NULL, NULL, NULL, 'aktif', '2025-11-16 19:51:50'),
(44, 'DS052', 'Novanta Nur Syabana', NULL, NULL, NULL, 'aktif', '2025-11-16 19:51:50'),
(45, 'DS003', 'Nurlaela, S.E', NULL, NULL, NULL, 'aktif', '2025-11-16 19:51:50'),
(46, 'DS057', 'Nurlia Oktaviani, S.M', NULL, NULL, NULL, 'aktif', '2025-11-16 19:51:50'),
(47, 'DS038', 'Pebri Perdana, S.AP', NULL, NULL, NULL, 'aktif', '2025-11-16 19:51:50'),
(48, 'DS045', 'R. Adhi Ilham Prayoga', NULL, NULL, NULL, 'aktif', '2025-11-16 19:51:50'),
(49, 'DS079', 'Rojali', NULL, NULL, NULL, 'aktif', '2025-11-16 19:51:50'),
(50, 'DS072', 'Santoso Setya Supriyanto, SP', NULL, NULL, NULL, 'aktif', '2025-11-16 19:51:50'),
(51, 'DS011', 'Sapto Wibowo, S.Sos', NULL, NULL, NULL, 'aktif', '2025-11-16 19:51:50'),
(52, 'DS005', 'Septilia Dindasari, S.M.', NULL, NULL, NULL, 'aktif', '2025-11-16 19:51:50'),
(53, 'DS084', 'Sugiatmi', NULL, NULL, NULL, 'aktif', '2025-11-16 19:51:50'),
(54, 'DS036', 'Tita Syafira Maulida', NULL, NULL, NULL, 'aktif', '2025-11-16 19:51:50'),
(55, 'DS019', 'Zalsabila Zanyca, S.M', NULL, NULL, NULL, 'aktif', '2025-11-16 19:51:50'),
(56, 'DS030', 'Anpal Iskalpa PutraA', NULL, NULL, NULL, 'aktif', '2025-11-16 19:51:50'),
(57, 'DS027', 'Hupron, S.Sos', NULL, NULL, NULL, 'aktif', '2025-11-16 19:51:50'),
(58, 'DS029', 'M. Edi Sudrajat', NULL, NULL, NULL, 'aktif', '2025-11-16 19:51:50'),
(59, 'DS033', 'Novel Noberi, S.Kom', NULL, NULL, NULL, 'aktif', '2025-11-16 19:51:50'),
(60, 'DS026', 'Nur. Anugrah Sanusi', NULL, NULL, NULL, 'aktif', '2025-11-16 19:51:50'),
(61, 'DS032', 'R.Pryeska Nusantara.KH, S.Pd', NULL, NULL, NULL, 'aktif', '2025-11-16 19:51:50'),
(62, 'DS023', 'Rahmat Perrianto, ST', NULL, NULL, NULL, 'aktif', '2025-11-16 19:51:50'),
(63, 'DS024', 'Saipulah, SH', NULL, NULL, NULL, 'aktif', '2025-11-16 19:51:50'),
(64, 'DS028', 'Solahudin', NULL, NULL, NULL, 'aktif', '2025-11-16 19:51:50'),
(65, 'DS025', 'Tubagus Iqbal Tawakal', NULL, NULL, NULL, 'aktif', '2025-11-16 19:51:50'),
(66, 'DS088', 'Siti Nurhasanah', NULL, NULL, NULL, 'aktif', '2025-11-16 19:51:50'),
(67, 'DS051', 'Ade Pandawa', NULL, NULL, NULL, 'aktif', '2025-11-16 19:51:50'),
(68, 'DS048', 'Herlila Dwi Wahyuni, Amd.Keb', NULL, NULL, NULL, 'aktif', '2025-11-16 19:51:50'),
(69, 'DS046', 'Ika Mediyanti, S.ST', NULL, NULL, NULL, 'aktif', '2025-11-16 19:51:50'),
(70, 'DS049', 'Korri Annisa, A.Md,Keb', NULL, NULL, NULL, 'aktif', '2025-11-16 19:51:50'),
(71, 'DS050', 'NS. Nouva Prana Putra, S.Kep', NULL, NULL, NULL, 'aktif', '2025-11-16 19:51:50'),
(72, 'DS075', 'Ahmad Tantowi', NULL, NULL, NULL, 'aktif', '2025-11-16 19:51:50'),
(73, 'DS076', 'Iwan Sutisna', NULL, NULL, NULL, 'aktif', '2025-11-16 19:51:50'),
(74, 'DS074', 'Suharlan', NULL, NULL, NULL, 'aktif', '2025-11-16 19:51:50'),
(75, 'DS077', 'Suhendi', NULL, NULL, NULL, 'aktif', '2025-11-16 19:51:50'),
(76, 'DS08', 'Aditya Firmansyah', NULL, NULL, NULL, 'aktif', '2025-11-16 19:51:50'),
(77, 'DS0', 'Bebo Karsono', NULL, NULL, NULL, 'aktif', '2025-11-16 19:51:50'),
(78, 'DS094', 'Dananjaya Satria Kusuma Atmaja', NULL, NULL, NULL, 'aktif', '2025-11-16 19:51:50'),
(79, 'DS099', 'Dian Iskandar', NULL, NULL, NULL, 'aktif', '2025-11-16 19:51:50'),
(80, 'DS097', 'Dzulfahmi', NULL, NULL, NULL, 'aktif', '2025-11-16 19:51:50'),
(81, 'DS092', 'Ninik Samini', NULL, NULL, NULL, 'aktif', '2025-11-16 19:51:50'),
(82, 'DS093', 'Roni Parulian S.', NULL, NULL, NULL, 'aktif', '2025-11-16 19:51:50'),
(83, 'DS090', 'Wahyuni', NULL, NULL, NULL, 'aktif', '2025-11-16 19:51:50'),
(84, '1764759661', 'DINAS SOSIAL', NULL, NULL, NULL, 'aktif', '2025-12-03 18:01:01'),
(85, '1764760245', 'Nama', NULL, NULL, NULL, 'aktif', '2025-12-03 18:10:45'),
(86, '1764766860', 'Najdah', NULL, NULL, NULL, 'aktif', '2025-12-03 20:01:00'),
(87, '1764766901', 'Wendy', NULL, NULL, NULL, 'aktif', '2025-12-03 20:01:41'),
(88, '1764767117983', 'Lorenza', NULL, NULL, NULL, 'aktif', '2025-12-03 20:05:17'),
(89, '1764767117539', 'Arya', NULL, NULL, NULL, 'aktif', '2025-12-03 20:05:17'),
(90, '1764767117359', 'Fira', NULL, NULL, NULL, 'aktif', '2025-12-03 20:05:17'),
(91, '1764767117828', 'amanda', NULL, NULL, NULL, 'aktif', '2025-12-03 20:05:17'),
(92, '1764767117175', 'Ghufron', NULL, NULL, NULL, 'aktif', '2025-12-03 20:05:17'),
(93, '1764767118557', 'Alfi', NULL, NULL, NULL, 'aktif', '2025-12-03 20:05:18'),
(94, '1764767118624', 'Hamzami', NULL, NULL, NULL, 'aktif', '2025-12-03 20:05:18'),
(95, '1764767118773', 'marta', NULL, NULL, NULL, 'aktif', '2025-12-03 20:05:18'),
(96, 'DINAS SOSIAL', 'Hamzami', NULL, NULL, NULL, 'aktif', '2025-12-03 20:12:12'),
(97, '1764779331', 'Alifah', NULL, NULL, NULL, 'aktif', '2025-12-03 23:28:51'),
(98, '-', 'KADIS', NULL, NULL, NULL, 'aktif', '2025-12-19 20:28:20'),
(99, '1766153568', 'Adi  Mulyanto,', NULL, NULL, NULL, 'aktif', '2025-12-19 21:12:42'),
(100, '1766153569', 'Sapto Wibowo, S', NULL, NULL, NULL, 'aktif', '2025-12-19 21:12:42'),
(101, '1766153570', 'Nico Reynold Ad', NULL, NULL, NULL, 'aktif', '2025-12-19 21:12:42'),
(102, '1766153571', 'Leo Wahyudi, S.', NULL, NULL, NULL, 'aktif', '2025-12-19 21:12:42'),
(103, '1766153572', 'dhika fajri', NULL, NULL, NULL, 'aktif', '2025-12-19 21:12:42'),
(104, '1766153573', 'Methatia Cahya,', NULL, NULL, NULL, 'aktif', '2025-12-19 21:12:42'),
(105, '1766153574', 'Nadya Ayu Perma', NULL, NULL, NULL, 'aktif', '2025-12-19 21:12:42'),
(106, '1766153575', 'Anggriyani Daul', NULL, NULL, NULL, 'aktif', '2025-12-19 21:12:42'),
(107, '1766153576', 'Helmi Djunayang', NULL, NULL, NULL, 'aktif', '2025-12-19 21:12:42'),
(108, '1766153577', 'Zalsabila Zanyc', NULL, NULL, NULL, 'aktif', '2025-12-19 21:12:42'),
(109, '1766153578', 'Ahmad Kandiaz,', NULL, NULL, NULL, 'aktif', '2025-12-19 21:12:42'),
(110, '1766153579', 'Ari Widiastuti,', NULL, NULL, NULL, 'aktif', '2025-12-19 21:12:42'),
(111, '1766153580', 'Istiqomah Aisyi', NULL, NULL, NULL, 'aktif', '2025-12-19 21:12:42'),
(112, '1766153581', 'Iis Afriyanti,', NULL, NULL, NULL, 'aktif', '2025-12-19 21:12:42'),
(113, '1766153582', 'Rahmat Perriant', NULL, NULL, NULL, 'aktif', '2025-12-19 21:12:42'),
(114, '1766153583', 'Saipulah, S.H', NULL, NULL, NULL, 'aktif', '2025-12-19 21:12:42'),
(115, '1766153584', 'Tubagus Iqbal T', NULL, NULL, NULL, 'aktif', '2025-12-19 21:12:42'),
(116, '1766153585', 'Nur Anugrah San', NULL, NULL, NULL, 'aktif', '2025-12-19 21:12:42'),
(117, '1766153586', 'Hupron', NULL, NULL, NULL, 'aktif', '2025-12-19 21:12:42'),
(118, '1766153590', 'Anpal Iskapala', NULL, NULL, NULL, 'aktif', '2025-12-19 21:12:42'),
(119, '1766153591', 'Azis Fadillah,', NULL, NULL, NULL, 'aktif', '2025-12-19 21:12:42'),
(120, '1766153592', 'R.Pryeska Nusan', NULL, NULL, NULL, 'aktif', '2025-12-19 21:12:42'),
(121, '1766153593', 'Novel Noberi, S', NULL, NULL, NULL, 'aktif', '2025-12-19 21:12:42'),
(122, '1766153594', 'novieta', NULL, NULL, NULL, 'aktif', '2025-12-19 21:12:42'),
(123, '1766153595', 'Doni Febriyanth', NULL, NULL, NULL, 'aktif', '2025-12-19 21:12:42'),
(124, '1766153596', 'Tita Syafira Ma', NULL, NULL, NULL, 'aktif', '2025-12-19 21:12:42'),
(125, '1766153597', 'Irmawati', NULL, NULL, NULL, 'aktif', '2025-12-19 21:12:42'),
(126, '1766153598', 'Pebri Perdana,', NULL, NULL, NULL, 'aktif', '2025-12-19 21:12:42'),
(127, '1766153600', 'Mawaddah Khalis', NULL, NULL, NULL, 'aktif', '2025-12-19 21:12:42'),
(128, '1766153601', 'Niko Septian Ha', NULL, NULL, NULL, 'aktif', '2025-12-19 21:12:42'),
(129, '1766153603', 'Eroh Rohayati,', NULL, NULL, NULL, 'aktif', '2025-12-19 21:12:42'),
(130, '1766153605', 'Assyifa Nuraini', NULL, NULL, NULL, 'aktif', '2025-12-19 21:12:42'),
(131, '1766153606', 'Raden Adhi Ilha', NULL, NULL, NULL, 'aktif', '2025-12-19 21:12:42'),
(132, '1766153607', 'Ika Mediyanti,', NULL, NULL, NULL, 'aktif', '2025-12-19 21:12:42'),
(133, '1766153608', 'Jhon Boy Napitu', NULL, NULL, NULL, 'aktif', '2025-12-19 21:12:42'),
(134, '1766153609', 'Herlila Dwi Wah', NULL, NULL, NULL, 'aktif', '2025-12-19 21:12:42'),
(135, '1766153610', 'Korri Annisa, A', NULL, NULL, NULL, 'aktif', '2025-12-19 21:12:42'),
(136, '1766153611', 'Septilia Dindas', NULL, NULL, NULL, 'aktif', '2025-12-19 21:12:42'),
(137, '1766153612', 'NS. Nouva Prana', NULL, NULL, NULL, 'aktif', '2025-12-19 21:12:42'),
(138, '1766153614', 'Novanta Nur Sya', NULL, NULL, NULL, 'aktif', '2025-12-19 21:12:42'),
(139, '1766153615', 'Hasan Basri, S.', NULL, NULL, NULL, 'aktif', '2025-12-19 21:12:42'),
(140, '1766153616', 'Darmendra Febri', NULL, NULL, NULL, 'aktif', '2025-12-19 21:12:42'),
(141, '1766153617', 'Ronni Albantenn', NULL, NULL, NULL, 'aktif', '2025-12-19 21:12:42'),
(142, '1766153618', 'Hindawan Yuniar', NULL, NULL, NULL, 'aktif', '2025-12-19 21:12:42'),
(143, '1766153619', 'Nurlia Oktavian', NULL, NULL, NULL, 'aktif', '2025-12-19 21:12:42'),
(144, '1766153620', 'Ahmad Sopian, S', NULL, NULL, NULL, 'aktif', '2025-12-19 21:12:42'),
(145, '1766153621', 'Linda Amalia, S', NULL, NULL, NULL, 'aktif', '2025-12-19 21:12:42'),
(146, '1766153622', 'Erry Eka Pratam', NULL, NULL, NULL, 'aktif', '2025-12-19 21:12:42'),
(147, '1766153623', 'Annisa Ameliasy', NULL, NULL, NULL, 'aktif', '2025-12-19 21:12:42'),
(148, '1766153624', 'Ikhwan Adi Putr', NULL, NULL, NULL, 'aktif', '2025-12-19 21:12:42'),
(149, '1766153625', 'Istiyar Iman Al', NULL, NULL, NULL, 'aktif', '2025-12-19 21:12:42'),
(150, '1766153627', 'Laras Tyas Ayu', NULL, NULL, NULL, 'aktif', '2025-12-19 21:12:42'),
(151, '1766153628', 'Lilis Suryani,', NULL, NULL, NULL, 'aktif', '2025-12-19 21:12:42'),
(152, '1766153629', 'Fahmi Angga Yud', NULL, NULL, NULL, 'aktif', '2025-12-19 21:12:42'),
(153, '1766153631', 'sopan', NULL, NULL, NULL, 'aktif', '2025-12-19 21:12:42'),
(154, '1766153632', 'Andriani Prayud', NULL, NULL, NULL, 'aktif', '2025-12-19 21:12:42'),
(155, '1766153633', 'Nia Lestari, A.', NULL, NULL, NULL, 'aktif', '2025-12-19 21:12:42'),
(156, '1766153634', 'Burhanudin Jael', NULL, NULL, NULL, 'aktif', '2025-12-19 21:12:42'),
(157, '1766153635', 'Desy Wijiyanti,', NULL, NULL, NULL, 'aktif', '2025-12-19 21:12:42'),
(158, '1766153636', 'Santoso Setya S', NULL, NULL, NULL, 'aktif', '2025-12-19 21:12:42'),
(159, '1766153637', 'H.Saefudin', NULL, NULL, NULL, 'aktif', '2025-12-19 21:12:42'),
(160, '1766153644', 'ADITYA F', NULL, NULL, NULL, 'aktif', '2025-12-19 21:12:42'),
(161, '1766153645', 'BERLIANA F', NULL, NULL, NULL, 'aktif', '2025-12-19 21:12:42'),
(162, '1766153647', 'Enih', NULL, NULL, NULL, 'aktif', '2025-12-19 21:12:42'),
(163, '1766153649', 'Sugiyatmi', NULL, NULL, NULL, 'aktif', '2025-12-19 21:12:42'),
(164, '1766153651', 'dwi wahyuningsh', NULL, NULL, NULL, 'aktif', '2025-12-19 21:12:42'),
(165, '1766153652', 'muhamad rizky', NULL, NULL, NULL, 'aktif', '2025-12-19 21:12:42'),
(166, '1766153654', 'gina lestari', NULL, NULL, NULL, 'aktif', '2025-12-19 21:12:42'),
(167, '1766153656', 'ARI ARDI', NULL, NULL, NULL, 'aktif', '2025-12-19 21:12:43'),
(168, '1766153660', 'roni parulian', NULL, NULL, NULL, 'aktif', '2025-12-19 21:12:43'),
(169, '1766153661', 'danan jaya', NULL, NULL, NULL, 'aktif', '2025-12-19 21:12:43'),
(170, '1766153662', 'kinanti', NULL, NULL, NULL, 'aktif', '2025-12-19 21:12:43'),
(171, '1766153663', '..TONO', NULL, NULL, NULL, 'aktif', '2025-12-19 21:12:43'),
(172, '1766153665', 'AGUS N', NULL, NULL, NULL, 'aktif', '2025-12-19 21:12:43'),
(173, '1766153666', 'DIAN I', NULL, NULL, NULL, 'aktif', '2025-12-19 21:12:43');

-- --------------------------------------------------------

--
-- Table structure for table `penilaian_karyawan`
--

CREATE TABLE `penilaian_karyawan` (
  `id_penilaian` int(11) NOT NULL,
  `id_pegawai` int(11) DEFAULT NULL,
  `nip` varchar(50) NOT NULL,
  `nama` varchar(100) DEFAULT NULL,
  `attitude` float DEFAULT 0,
  `skills` float DEFAULT 0,
  `total_nilai` float NOT NULL,
  `hari_kerja` int(11) NOT NULL,
  `tanggal_input` timestamp NOT NULL DEFAULT current_timestamp() ON UPDATE current_timestamp(),
  `bulan` int(11) DEFAULT NULL,
  `tahun` int(11) DEFAULT NULL,
  `created_at` datetime NOT NULL DEFAULT current_timestamp(),
  `periode_type` enum('monthly','quarterly','semester','yearly') NOT NULL DEFAULT 'monthly',
  `periode_key` varchar(20) NOT NULL
) ENGINE=InnoDB DEFAULT CHARSET=utf8mb4 COLLATE=utf8mb4_general_ci;

--
-- Dumping data for table `penilaian_karyawan`
--

INSERT INTO `penilaian_karyawan` (`id_penilaian`, `id_pegawai`, `nip`, `nama`, `attitude`, `skills`, `total_nilai`, `hari_kerja`, `tanggal_input`, `bulan`, `tahun`, `created_at`, `periode_type`, `periode_key`) VALUES
(1, 1, 'DS043', NULL, 90, 90, 0, 1, '2025-12-02 13:46:38', NULL, NULL, '2025-12-02 20:46:38', 'monthly', '2025-07'),
(2, 2, 'DS041', NULL, 0, 0, 0, 0, '2025-12-02 13:46:38', NULL, NULL, '2025-12-02 20:46:38', 'monthly', '2025-07'),
(3, 67, 'DS051', NULL, 0, 0, 0, 0, '2025-12-02 13:46:38', NULL, NULL, '2025-12-02 20:46:38', 'monthly', '2025-07'),
(4, 3, 'DS010', NULL, 0, 0, 0, 1, '2025-12-02 13:46:38', NULL, NULL, '2025-12-02 20:46:38', 'monthly', '2025-07'),
(5, 76, 'DS08', NULL, 0, 0, 0, 0, '2025-12-02 13:46:38', NULL, NULL, '2025-12-02 20:46:38', 'monthly', '2025-07'),
(6, 4, 'DS098', NULL, 0, 0, 0, 1, '2025-12-02 13:46:38', NULL, NULL, '2025-12-02 20:46:38', 'monthly', '2025-07'),
(7, 5, 'DS002', NULL, 0, 0, 0, 1, '2025-12-02 13:46:38', NULL, NULL, '2025-12-02 20:46:38', 'monthly', '2025-07'),
(8, 6, 'DS063', NULL, 0, 0, 0, 1, '2025-12-02 13:46:38', NULL, NULL, '2025-12-02 20:46:38', 'monthly', '2025-07'),
(9, 7, 'DS058', NULL, 0, 0, 0, 1, '2025-12-02 13:46:38', NULL, NULL, '2025-12-02 20:46:38', 'monthly', '2025-07'),
(10, 72, 'DS075', NULL, 0, 0, 0, 0, '2025-12-02 13:46:38', NULL, NULL, '2025-12-02 20:46:38', 'monthly', '2025-07'),
(11, 8, 'DS083', NULL, 0, 0, 0, 1, '2025-12-02 13:46:38', NULL, NULL, '2025-12-02 20:46:38', 'monthly', '2025-07'),
(12, 9, 'DS069', NULL, 0, 0, 0, 1, '2025-12-02 13:46:38', NULL, NULL, '2025-12-02 20:46:38', 'monthly', '2025-07'),
(13, 10, 'DS017', NULL, 0, 0, 0, 1, '2025-12-02 13:46:38', NULL, NULL, '2025-12-02 20:46:38', 'monthly', '2025-07'),
(14, 11, 'DS060', NULL, 0, 0, 0, 1, '2025-12-02 13:46:38', NULL, NULL, '2025-12-02 20:46:38', 'monthly', '2025-07'),
(15, 56, 'DS030', NULL, 0, 0, 0, 1, '2025-12-02 13:46:38', NULL, NULL, '2025-12-02 20:46:38', 'monthly', '2025-07'),
(16, 12, 'DS009', NULL, 0, 0, 0, 1, '2025-12-02 13:46:38', NULL, NULL, '2025-12-02 20:46:38', 'monthly', '2025-07'),
(17, 13, 'DS020', NULL, 0, 0, 0, 1, '2025-12-02 13:46:38', NULL, NULL, '2025-12-02 20:46:38', 'monthly', '2025-07'),
(18, 14, 'DS031', NULL, 0, 0, 0, 1, '2025-12-02 13:46:38', NULL, NULL, '2025-12-02 20:46:38', 'monthly', '2025-07'),
(19, 77, 'DS0', NULL, 0, 0, 0, 0, '2025-12-02 13:46:38', NULL, NULL, '2025-12-02 20:46:38', 'monthly', '2025-07'),
(20, 15, 'DS070', NULL, 0, 0, 0, 1, '2025-12-02 13:46:38', NULL, NULL, '2025-12-02 20:46:38', 'monthly', '2025-07'),
(21, 78, 'DS094', NULL, 0, 0, 0, 0, '2025-12-02 13:46:38', NULL, NULL, '2025-12-02 20:46:38', 'monthly', '2025-07'),
(22, 16, 'DS054', NULL, 0, 0, 0, 1, '2025-12-02 13:46:38', NULL, NULL, '2025-12-02 20:46:38', 'monthly', '2025-07'),
(23, 17, 'DS071', NULL, 0, 0, 0, 1, '2025-12-02 13:46:38', NULL, NULL, '2025-12-02 20:46:38', 'monthly', '2025-07'),
(24, 79, 'DS099', NULL, 0, 0, 0, 0, '2025-12-02 13:46:38', NULL, NULL, '2025-12-02 20:46:38', 'monthly', '2025-07'),
(25, 18, 'DS078', NULL, 0, 0, 0, 1, '2025-12-02 13:46:38', NULL, NULL, '2025-12-02 20:46:38', 'monthly', '2025-07'),
(26, 19, 'DS086', NULL, 0, 0, 0, 1, '2025-12-02 13:46:38', NULL, NULL, '2025-12-02 20:46:38', 'monthly', '2025-07'),
(27, 80, 'DS097', NULL, 0, 0, 0, 0, '2025-12-02 13:46:38', NULL, NULL, '2025-12-02 20:46:38', 'monthly', '2025-07'),
(28, 20, 'DS042', NULL, 0, 0, 0, 1, '2025-12-02 13:46:38', NULL, NULL, '2025-12-02 20:46:38', 'monthly', '2025-07'),
(29, 21, 'DS006', NULL, 0, 0, 0, 1, '2025-12-02 13:46:38', NULL, NULL, '2025-12-02 20:46:38', 'monthly', '2025-07'),
(30, 22, 'DS066', NULL, 0, 0, 0, 1, '2025-12-02 13:46:38', NULL, NULL, '2025-12-02 20:46:38', 'monthly', '2025-07'),
(31, 23, 'DS053', NULL, 0, 0, 0, 1, '2025-12-02 13:46:38', NULL, NULL, '2025-12-02 20:46:38', 'monthly', '2025-07'),
(32, 68, 'DS048', NULL, 0, 0, 0, 0, '2025-12-02 13:46:38', NULL, NULL, '2025-12-02 20:46:38', 'monthly', '2025-07'),
(33, 24, 'DS056', NULL, 0, 0, 0, 1, '2025-12-02 13:46:38', NULL, NULL, '2025-12-02 20:46:38', 'monthly', '2025-07'),
(34, 57, 'DS027', NULL, 0, 0, 0, 1, '2025-12-02 13:46:38', NULL, NULL, '2025-12-02 20:46:38', 'monthly', '2025-07'),
(35, 25, 'DS022', NULL, 0, 0, 0, 1, '2025-12-02 13:46:38', NULL, NULL, '2025-12-02 20:46:38', 'monthly', '2025-07'),
(36, 69, 'DS046', NULL, 0, 0, 0, 0, '2025-12-02 13:46:38', NULL, NULL, '2025-12-02 20:46:38', 'monthly', '2025-07'),
(37, 26, 'DS061', NULL, 0, 0, 0, 1, '2025-12-02 13:46:38', NULL, NULL, '2025-12-02 20:46:38', 'monthly', '2025-07'),
(38, 27, 'DS081', NULL, 0, 0, 0, 0, '2025-12-02 13:46:38', NULL, NULL, '2025-12-02 20:46:38', 'monthly', '2025-07'),
(39, 28, 'DS037', NULL, 0, 0, 0, 1, '2025-12-02 13:46:38', NULL, NULL, '2025-12-02 20:46:38', 'monthly', '2025-07'),
(40, 29, 'DS085', NULL, 0, 0, 0, 1, '2025-12-02 13:46:38', NULL, NULL, '2025-12-02 20:46:38', 'monthly', '2025-07'),
(41, 30, 'DS021', NULL, 0, 0, 0, 1, '2025-12-02 13:46:38', NULL, NULL, '2025-12-02 20:46:38', 'monthly', '2025-07'),
(42, 31, 'DS062', NULL, 0, 0, 0, 0, '2025-12-02 13:46:38', NULL, NULL, '2025-12-02 20:46:38', 'monthly', '2025-07'),
(43, 73, 'DS076', NULL, 0, 0, 0, 0, '2025-12-02 13:46:38', NULL, NULL, '2025-12-02 20:46:38', 'monthly', '2025-07'),
(44, 70, 'DS049', NULL, 0, 0, 0, 0, '2025-12-02 13:46:38', NULL, NULL, '2025-12-02 20:46:38', 'monthly', '2025-07'),
(45, 32, 'DS064', NULL, 0, 0, 0, 0, '2025-12-02 13:46:38', NULL, NULL, '2025-12-02 20:46:38', 'monthly', '2025-07'),
(46, 33, 'DS013', NULL, 0, 0, 0, 1, '2025-12-02 13:46:38', NULL, NULL, '2025-12-02 20:46:38', 'monthly', '2025-07'),
(47, 34, 'DS065', NULL, 0, 0, 0, 1, '2025-12-02 13:46:38', NULL, NULL, '2025-12-02 20:46:38', 'monthly', '2025-07'),
(48, 35, 'DS059', NULL, 0, 0, 0, 0, '2025-12-02 13:46:38', NULL, NULL, '2025-12-02 20:46:38', 'monthly', '2025-07'),
(49, 58, 'DS029', NULL, 0, 0, 0, 1, '2025-12-02 13:46:38', NULL, NULL, '2025-12-02 20:46:38', 'monthly', '2025-07'),
(50, 36, 'DS039', NULL, 0, 0, 0, 1, '2025-12-02 13:46:38', NULL, NULL, '2025-12-02 20:46:38', 'monthly', '2025-07'),
(51, 37, 'DS004', NULL, 0, 0, 0, 1, '2025-12-02 13:46:38', NULL, NULL, '2025-12-02 20:46:38', 'monthly', '2025-07'),
(52, 38, 'DS015', NULL, 0, 0, 0, 1, '2025-12-02 13:46:38', NULL, NULL, '2025-12-02 20:46:38', 'monthly', '2025-07'),
(53, 39, 'DS067', NULL, 0, 0, 0, 1, '2025-12-02 13:46:38', NULL, NULL, '2025-12-02 20:46:38', 'monthly', '2025-07'),
(54, 40, 'DS016', NULL, 0, 0, 0, 1, '2025-12-02 13:46:38', NULL, NULL, '2025-12-02 20:46:38', 'monthly', '2025-07'),
(55, 41, 'DS007', NULL, 0, 0, 0, 1, '2025-12-02 13:46:38', NULL, NULL, '2025-12-02 20:46:38', 'monthly', '2025-07'),
(56, 42, 'DS012', NULL, 0, 0, 0, 1, '2025-12-02 13:46:38', NULL, NULL, '2025-12-02 20:46:38', 'monthly', '2025-07'),
(57, 43, 'DS040', NULL, 0, 0, 0, 1, '2025-12-02 13:46:38', NULL, NULL, '2025-12-02 20:46:38', 'monthly', '2025-07'),
(58, 81, 'DS092', NULL, 0, 0, 0, 0, '2025-12-02 13:46:38', NULL, NULL, '2025-12-02 20:46:38', 'monthly', '2025-07'),
(59, 44, 'DS052', NULL, 0, 0, 0, 1, '2025-12-02 13:46:38', NULL, NULL, '2025-12-02 20:46:38', 'monthly', '2025-07'),
(60, 59, 'DS033', NULL, 0, 0, 0, 1, '2025-12-02 13:46:38', NULL, NULL, '2025-12-02 20:46:38', 'monthly', '2025-07'),
(61, 71, 'DS050', NULL, 0, 0, 0, 0, '2025-12-02 13:46:38', NULL, NULL, '2025-12-02 20:46:38', 'monthly', '2025-07'),
(62, 60, 'DS026', NULL, 0, 0, 0, 0, '2025-12-02 13:46:38', NULL, NULL, '2025-12-02 20:46:38', 'monthly', '2025-07'),
(63, 45, 'DS003', NULL, 0, 0, 0, 1, '2025-12-02 13:46:38', NULL, NULL, '2025-12-02 20:46:38', 'monthly', '2025-07'),
(64, 46, 'DS057', NULL, 0, 0, 0, 1, '2025-12-02 13:46:38', NULL, NULL, '2025-12-02 20:46:38', 'monthly', '2025-07'),
(65, 47, 'DS038', NULL, 0, 0, 0, 1, '2025-12-02 13:46:38', NULL, NULL, '2025-12-02 20:46:38', 'monthly', '2025-07'),
(66, 48, 'DS045', NULL, 0, 0, 0, 1, '2025-12-02 13:46:38', NULL, NULL, '2025-12-02 20:46:38', 'monthly', '2025-07'),
(67, 61, 'DS032', NULL, 0, 0, 0, 1, '2025-12-02 13:46:38', NULL, NULL, '2025-12-02 20:46:38', 'monthly', '2025-07'),
(68, 62, 'DS023', NULL, 0, 0, 0, 1, '2025-12-02 13:46:38', NULL, NULL, '2025-12-02 20:46:38', 'monthly', '2025-07'),
(69, 49, 'DS079', NULL, 0, 0, 0, 1, '2025-12-02 13:46:38', NULL, NULL, '2025-12-02 20:46:38', 'monthly', '2025-07'),
(70, 82, 'DS093', NULL, 0, 0, 0, 0, '2025-12-02 13:46:38', NULL, NULL, '2025-12-02 20:46:38', 'monthly', '2025-07'),
(71, 63, 'DS024', NULL, 0, 0, 0, 1, '2025-12-02 13:46:38', NULL, NULL, '2025-12-02 20:46:38', 'monthly', '2025-07'),
(72, 50, 'DS072', NULL, 0, 0, 0, 1, '2025-12-02 13:46:38', NULL, NULL, '2025-12-02 20:46:38', 'monthly', '2025-07'),
(73, 51, 'DS011', NULL, 0, 0, 0, 1, '2025-12-02 13:46:38', NULL, NULL, '2025-12-02 20:46:38', 'monthly', '2025-07'),
(74, 52, 'DS005', NULL, 0, 0, 0, 1, '2025-12-02 13:46:38', NULL, NULL, '2025-12-02 20:46:38', 'monthly', '2025-07'),
(75, 66, 'DS088', NULL, 0, 0, 0, 0, '2025-12-02 13:46:38', NULL, NULL, '2025-12-02 20:46:38', 'monthly', '2025-07'),
(76, 64, 'DS028', NULL, 0, 0, 0, 1, '2025-12-02 13:46:38', NULL, NULL, '2025-12-02 20:46:38', 'monthly', '2025-07'),
(77, 53, 'DS084', NULL, 0, 0, 0, 1, '2025-12-02 13:46:38', NULL, NULL, '2025-12-02 20:46:38', 'monthly', '2025-07'),
(78, 74, 'DS074', NULL, 0, 0, 0, 0, '2025-12-02 13:46:38', NULL, NULL, '2025-12-02 20:46:38', 'monthly', '2025-07'),
(79, 75, 'DS077', NULL, 0, 0, 0, 0, '2025-12-02 13:46:38', NULL, NULL, '2025-12-02 20:46:38', 'monthly', '2025-07'),
(80, 54, 'DS036', NULL, 0, 0, 0, 1, '2025-12-02 13:46:38', NULL, NULL, '2025-12-02 20:46:38', 'monthly', '2025-07'),
(81, 65, 'DS025', NULL, 0, 0, 0, 1, '2025-12-02 13:46:38', NULL, NULL, '2025-12-02 20:46:38', 'monthly', '2025-07'),
(82, 83, 'DS090', NULL, 0, 0, 0, 0, '2025-12-02 13:46:38', NULL, NULL, '2025-12-02 20:46:38', 'monthly', '2025-07'),
(83, 55, 'DS019', NULL, 0, 0, 0, 0, '2025-12-02 13:46:38', NULL, NULL, '2025-12-02 20:46:38', 'monthly', '2025-07'),
(84, 1, 'DS043', NULL, 90, 90, 0, 22, '2025-12-03 09:31:44', NULL, NULL, '2025-12-03 16:31:44', 'semester', '2025-S1'),
(85, 2, 'DS041', NULL, 0, 90, 0, 0, '2025-12-03 09:31:44', NULL, NULL, '2025-12-03 16:31:44', 'semester', '2025-S1'),
(86, 67, 'DS051', NULL, 0, 0, 0, 0, '2025-12-03 09:31:44', NULL, NULL, '2025-12-03 16:31:44', 'semester', '2025-S1'),
(87, 3, 'DS010', NULL, 0, 0, 0, 22, '2025-12-03 09:31:44', NULL, NULL, '2025-12-03 16:31:44', 'semester', '2025-S1'),
(88, 76, 'DS08', NULL, 0, 0, 0, 0, '2025-12-03 09:31:44', NULL, NULL, '2025-12-03 16:31:44', 'semester', '2025-S1'),
(89, 4, 'DS098', NULL, 0, 0, 0, 22, '2025-12-03 09:31:44', NULL, NULL, '2025-12-03 16:31:44', 'semester', '2025-S1'),
(90, 5, 'DS002', NULL, 0, 0, 0, 22, '2025-12-03 09:31:44', NULL, NULL, '2025-12-03 16:31:44', 'semester', '2025-S1'),
(91, 6, 'DS063', NULL, 0, 0, 0, 20, '2025-12-03 09:31:44', NULL, NULL, '2025-12-03 16:31:44', 'semester', '2025-S1'),
(92, 7, 'DS058', NULL, 0, 0, 0, 22, '2025-12-03 09:31:44', NULL, NULL, '2025-12-03 16:31:44', 'semester', '2025-S1'),
(93, 72, 'DS075', NULL, 0, 0, 0, 0, '2025-12-03 09:31:44', NULL, NULL, '2025-12-03 16:31:44', 'semester', '2025-S1'),
(94, 8, 'DS083', NULL, 0, 0, 0, 22, '2025-12-03 09:31:44', NULL, NULL, '2025-12-03 16:31:44', 'semester', '2025-S1'),
(95, 9, 'DS069', NULL, 0, 0, 0, 18, '2025-12-03 09:31:44', NULL, NULL, '2025-12-03 16:31:44', 'semester', '2025-S1'),
(96, 10, 'DS017', NULL, 0, 0, 0, 19, '2025-12-03 09:31:44', NULL, NULL, '2025-12-03 16:31:44', 'semester', '2025-S1'),
(97, 11, 'DS060', NULL, 0, 0, 0, 22, '2025-12-03 09:31:44', NULL, NULL, '2025-12-03 16:31:44', 'semester', '2025-S1'),
(98, 56, 'DS030', NULL, 0, 0, 0, 22, '2025-12-03 09:31:44', NULL, NULL, '2025-12-03 16:31:44', 'semester', '2025-S1'),
(99, 12, 'DS009', NULL, 0, 0, 0, 14, '2025-12-03 09:31:44', NULL, NULL, '2025-12-03 16:31:44', 'semester', '2025-S1'),
(100, 13, 'DS020', NULL, 0, 0, 0, 19, '2025-12-03 09:31:44', NULL, NULL, '2025-12-03 16:31:44', 'semester', '2025-S1'),
(101, 14, 'DS031', NULL, 0, 0, 0, 17, '2025-12-03 09:31:44', NULL, NULL, '2025-12-03 16:31:44', 'semester', '2025-S1'),
(102, 77, 'DS0', NULL, 0, 0, 0, 0, '2025-12-03 09:31:44', NULL, NULL, '2025-12-03 16:31:44', 'semester', '2025-S1'),
(103, 15, 'DS070', NULL, 0, 0, 0, 18, '2025-12-03 09:31:44', NULL, NULL, '2025-12-03 16:31:44', 'semester', '2025-S1'),
(104, 78, 'DS094', NULL, 0, 0, 0, 0, '2025-12-03 09:31:44', NULL, NULL, '2025-12-03 16:31:44', 'semester', '2025-S1'),
(105, 16, 'DS054', NULL, 0, 0, 0, 22, '2025-12-03 09:31:44', NULL, NULL, '2025-12-03 16:31:44', 'semester', '2025-S1'),
(106, 17, 'DS071', NULL, 0, 0, 0, 22, '2025-12-03 09:31:44', NULL, NULL, '2025-12-03 16:31:44', 'semester', '2025-S1'),
(107, 79, 'DS099', NULL, 0, 0, 0, 0, '2025-12-03 09:31:44', NULL, NULL, '2025-12-03 16:31:44', 'semester', '2025-S1'),
(108, 18, 'DS078', NULL, 0, 0, 0, 21, '2025-12-03 09:31:44', NULL, NULL, '2025-12-03 16:31:44', 'semester', '2025-S1'),
(109, 19, 'DS086', NULL, 0, 0, 0, 9, '2025-12-03 09:31:44', NULL, NULL, '2025-12-03 16:31:44', 'semester', '2025-S1'),
(110, 80, 'DS097', NULL, 0, 0, 0, 0, '2025-12-03 09:31:44', NULL, NULL, '2025-12-03 16:31:44', 'semester', '2025-S1'),
(111, 20, 'DS042', NULL, 0, 0, 0, 22, '2025-12-03 09:31:44', NULL, NULL, '2025-12-03 16:31:44', 'semester', '2025-S1'),
(112, 21, 'DS006', NULL, 0, 0, 0, 20, '2025-12-03 09:31:44', NULL, NULL, '2025-12-03 16:31:44', 'semester', '2025-S1'),
(113, 22, 'DS066', NULL, 0, 0, 0, 21, '2025-12-03 09:31:44', NULL, NULL, '2025-12-03 16:31:44', 'semester', '2025-S1'),
(114, 23, 'DS053', NULL, 0, 0, 0, 21, '2025-12-03 09:31:44', NULL, NULL, '2025-12-03 16:31:44', 'semester', '2025-S1'),
(115, 68, 'DS048', NULL, 0, 0, 0, 0, '2025-12-03 09:31:44', NULL, NULL, '2025-12-03 16:31:44', 'semester', '2025-S1'),
(116, 24, 'DS056', NULL, 0, 0, 0, 18, '2025-12-03 09:31:44', NULL, NULL, '2025-12-03 16:31:44', 'semester', '2025-S1'),
(117, 57, 'DS027', NULL, 0, 0, 0, 18, '2025-12-03 09:31:44', NULL, NULL, '2025-12-03 16:31:44', 'semester', '2025-S1'),
(118, 25, 'DS022', NULL, 0, 0, 0, 20, '2025-12-03 09:31:44', NULL, NULL, '2025-12-03 16:31:44', 'semester', '2025-S1'),
(119, 69, 'DS046', NULL, 0, 0, 0, 12, '2025-12-03 09:31:44', NULL, NULL, '2025-12-03 16:31:44', 'semester', '2025-S1'),
(120, 26, 'DS061', NULL, 0, 0, 0, 14, '2025-12-03 09:31:44', NULL, NULL, '2025-12-03 16:31:44', 'semester', '2025-S1'),
(121, 27, 'DS081', NULL, 0, 0, 0, 18, '2025-12-03 09:31:44', NULL, NULL, '2025-12-03 16:31:44', 'semester', '2025-S1'),
(122, 28, 'DS037', NULL, 0, 0, 0, 19, '2025-12-03 09:31:44', NULL, NULL, '2025-12-03 16:31:44', 'semester', '2025-S1'),
(123, 29, 'DS085', NULL, 0, 0, 0, 18, '2025-12-03 09:31:44', NULL, NULL, '2025-12-03 16:31:44', 'semester', '2025-S1'),
(124, 30, 'DS021', NULL, 0, 0, 0, 22, '2025-12-03 09:31:44', NULL, NULL, '2025-12-03 16:31:44', 'semester', '2025-S1'),
(125, 31, 'DS062', NULL, 0, 0, 0, 19, '2025-12-03 09:31:44', NULL, NULL, '2025-12-03 16:31:44', 'semester', '2025-S1'),
(126, 73, 'DS076', NULL, 0, 0, 0, 0, '2025-12-03 09:31:44', NULL, NULL, '2025-12-03 16:31:44', 'semester', '2025-S1'),
(127, 70, 'DS049', NULL, 0, 0, 0, 0, '2025-12-03 09:31:44', NULL, NULL, '2025-12-03 16:31:44', 'semester', '2025-S1'),
(128, 32, 'DS064', NULL, 0, 0, 0, 11, '2025-12-03 09:31:44', NULL, NULL, '2025-12-03 16:31:44', 'semester', '2025-S1'),
(129, 33, 'DS013', NULL, 0, 0, 0, 22, '2025-12-03 09:31:44', NULL, NULL, '2025-12-03 16:31:44', 'semester', '2025-S1'),
(130, 34, 'DS065', NULL, 0, 0, 0, 9, '2025-12-03 09:31:44', NULL, NULL, '2025-12-03 16:31:44', 'semester', '2025-S1'),
(131, 35, 'DS059', NULL, 0, 0, 0, 15, '2025-12-03 09:31:44', NULL, NULL, '2025-12-03 16:31:44', 'semester', '2025-S1'),
(132, 58, 'DS029', NULL, 0, 0, 0, 20, '2025-12-03 09:31:44', NULL, NULL, '2025-12-03 16:31:44', 'semester', '2025-S1'),
(133, 36, 'DS039', NULL, 0, 0, 0, 21, '2025-12-03 09:31:44', NULL, NULL, '2025-12-03 16:31:44', 'semester', '2025-S1'),
(134, 37, 'DS004', NULL, 0, 0, 0, 17, '2025-12-03 09:31:44', NULL, NULL, '2025-12-03 16:31:44', 'semester', '2025-S1'),
(135, 38, 'DS015', NULL, 0, 0, 0, 22, '2025-12-03 09:31:44', NULL, NULL, '2025-12-03 16:31:44', 'semester', '2025-S1'),
(136, 39, 'DS067', NULL, 0, 0, 0, 12, '2025-12-03 09:31:44', NULL, NULL, '2025-12-03 16:31:44', 'semester', '2025-S1'),
(137, 40, 'DS016', NULL, 0, 0, 0, 20, '2025-12-03 09:31:44', NULL, NULL, '2025-12-03 16:31:44', 'semester', '2025-S1'),
(138, 41, 'DS007', NULL, 0, 0, 0, 21, '2025-12-03 09:31:44', NULL, NULL, '2025-12-03 16:31:44', 'semester', '2025-S1'),
(139, 42, 'DS012', NULL, 0, 0, 0, 21, '2025-12-03 09:31:44', NULL, NULL, '2025-12-03 16:31:44', 'semester', '2025-S1'),
(140, 43, 'DS040', NULL, 0, 0, 0, 22, '2025-12-03 09:31:44', NULL, NULL, '2025-12-03 16:31:44', 'semester', '2025-S1'),
(141, 81, 'DS092', NULL, 0, 0, 0, 0, '2025-12-03 09:31:44', NULL, NULL, '2025-12-03 16:31:44', 'semester', '2025-S1'),
(142, 44, 'DS052', NULL, 0, 0, 0, 18, '2025-12-03 09:31:44', NULL, NULL, '2025-12-03 16:31:44', 'semester', '2025-S1'),
(143, 59, 'DS033', NULL, 0, 0, 0, 20, '2025-12-03 09:31:44', NULL, NULL, '2025-12-03 16:31:44', 'semester', '2025-S1'),
(144, 71, 'DS050', NULL, 0, 0, 0, 0, '2025-12-03 09:31:44', NULL, NULL, '2025-12-03 16:31:44', 'semester', '2025-S1'),
(145, 60, 'DS026', NULL, 0, 0, 0, 18, '2025-12-03 09:31:44', NULL, NULL, '2025-12-03 16:31:44', 'semester', '2025-S1'),
(146, 45, 'DS003', NULL, 0, 0, 0, 20, '2025-12-03 09:31:44', NULL, NULL, '2025-12-03 16:31:44', 'semester', '2025-S1'),
(147, 46, 'DS057', NULL, 0, 0, 0, 19, '2025-12-03 09:31:44', NULL, NULL, '2025-12-03 16:31:44', 'semester', '2025-S1'),
(148, 47, 'DS038', NULL, 0, 0, 0, 20, '2025-12-03 09:31:44', NULL, NULL, '2025-12-03 16:31:44', 'semester', '2025-S1'),
(149, 48, 'DS045', NULL, 0, 0, 0, 17, '2025-12-03 09:31:44', NULL, NULL, '2025-12-03 16:31:44', 'semester', '2025-S1'),
(150, 61, 'DS032', NULL, 0, 0, 0, 22, '2025-12-03 09:31:44', NULL, NULL, '2025-12-03 16:31:44', 'semester', '2025-S1'),
(151, 62, 'DS023', NULL, 0, 0, 0, 20, '2025-12-03 09:31:44', NULL, NULL, '2025-12-03 16:31:44', 'semester', '2025-S1'),
(152, 49, 'DS079', NULL, 0, 0, 0, 24, '2025-12-03 09:31:44', NULL, NULL, '2025-12-03 16:31:44', 'semester', '2025-S1'),
(153, 82, 'DS093', NULL, 0, 0, 0, 0, '2025-12-03 09:31:44', NULL, NULL, '2025-12-03 16:31:44', 'semester', '2025-S1'),
(154, 63, 'DS024', NULL, 0, 0, 0, 14, '2025-12-03 09:31:44', NULL, NULL, '2025-12-03 16:31:44', 'semester', '2025-S1'),
(155, 50, 'DS072', NULL, 0, 0, 0, 22, '2025-12-03 09:31:44', NULL, NULL, '2025-12-03 16:31:44', 'semester', '2025-S1'),
(156, 51, 'DS011', NULL, 0, 0, 0, 19, '2025-12-03 09:31:44', NULL, NULL, '2025-12-03 16:31:44', 'semester', '2025-S1'),
(157, 52, 'DS005', NULL, 0, 0, 0, 19, '2025-12-03 09:31:44', NULL, NULL, '2025-12-03 16:31:44', 'semester', '2025-S1'),
(158, 66, 'DS088', NULL, 0, 0, 0, 0, '2025-12-03 09:31:44', NULL, NULL, '2025-12-03 16:31:44', 'semester', '2025-S1'),
(159, 64, 'DS028', NULL, 0, 0, 0, 21, '2025-12-03 09:31:44', NULL, NULL, '2025-12-03 16:31:44', 'semester', '2025-S1'),
(160, 53, 'DS084', NULL, 0, 0, 0, 21, '2025-12-03 09:31:44', NULL, NULL, '2025-12-03 16:31:44', 'semester', '2025-S1'),
(161, 74, 'DS074', NULL, 0, 0, 0, 0, '2025-12-03 09:31:44', NULL, NULL, '2025-12-03 16:31:44', 'semester', '2025-S1'),
(162, 75, 'DS077', NULL, 0, 0, 0, 0, '2025-12-03 09:31:44', NULL, NULL, '2025-12-03 16:31:44', 'semester', '2025-S1'),
(163, 54, 'DS036', NULL, 0, 0, 0, 22, '2025-12-03 09:31:44', NULL, NULL, '2025-12-03 16:31:44', 'semester', '2025-S1'),
(164, 65, 'DS025', NULL, 0, 0, 0, 22, '2025-12-03 09:31:44', NULL, NULL, '2025-12-03 16:31:44', 'semester', '2025-S1'),
(165, 83, 'DS090', NULL, 0, 0, 0, 0, '2025-12-03 09:31:44', NULL, NULL, '2025-12-03 16:31:44', 'semester', '2025-S1'),
(166, 55, 'DS019', NULL, 0, 0, 0, 10, '2025-12-03 09:31:44', NULL, NULL, '2025-12-03 16:31:44', 'semester', '2025-S1'),
(167, 93, '1764767118557', NULL, 90, 90, 0, 20, '2025-12-19 13:15:45', NULL, NULL, '2025-12-19 20:15:45', 'monthly', '2025-12'),
(168, 91, '1764767117828', NULL, 100, 90, 0, 19, '2025-12-19 13:15:45', NULL, NULL, '2025-12-19 20:15:45', 'monthly', '2025-12'),
(169, 89, '1764767117539', NULL, 90, 100, 0, 19, '2025-12-19 13:15:45', NULL, NULL, '2025-12-19 20:15:45', 'monthly', '2025-12'),
(170, 90, '1764767117359', NULL, 0, 0, 0, 18, '2025-12-19 13:15:45', NULL, NULL, '2025-12-19 20:15:45', 'monthly', '2025-12'),
(171, 92, '1764767117175', NULL, 0, 0, 0, 19, '2025-12-19 13:15:45', NULL, NULL, '2025-12-19 20:15:45', 'monthly', '2025-12'),
(172, 94, '1764767118624', NULL, 0, 0, 0, 20, '2025-12-19 13:15:45', NULL, NULL, '2025-12-19 20:15:45', 'monthly', '2025-12'),
(173, 88, '1764767117983', NULL, 0, 0, 0, 16, '2025-12-19 13:15:45', NULL, NULL, '2025-12-19 20:15:45', 'monthly', '2025-12'),
(174, 95, '1764767118773', NULL, 0, 0, 0, 18, '2025-12-19 13:15:45', NULL, NULL, '2025-12-19 20:15:45', 'monthly', '2025-12'),
(175, 87, '1764766901', NULL, 0, 0, 0, 19, '2025-12-19 13:15:45', NULL, NULL, '2025-12-19 20:15:45', 'monthly', '2025-12'),
(176, 1, 'DS043', NULL, 100, 100, 0, 0, '2025-12-24 08:00:18', NULL, NULL, '2025-12-24 15:00:18', 'monthly', '2025-10'),
(177, 67, 'DS051', NULL, 90, 90, 0, 22, '2025-12-24 08:00:18', NULL, NULL, '2025-12-24 15:00:18', 'monthly', '2025-10'),
(178, 99, '1766153568', NULL, 0, 0, 0, 23, '2025-12-24 08:00:18', NULL, NULL, '2025-12-24 15:00:18', 'monthly', '2025-10'),
(179, 160, '1766153644', NULL, 0, 0, 0, 20, '2025-12-24 08:00:18', NULL, NULL, '2025-12-24 15:00:18', 'monthly', '2025-10'),
(180, 172, '1766153665', NULL, 0, 0, 0, 20, '2025-12-24 08:00:18', NULL, NULL, '2025-12-24 15:00:18', 'monthly', '2025-10'),
(181, 109, '1766153578', NULL, 0, 0, 0, 3, '2025-12-24 08:00:18', NULL, NULL, '2025-12-24 15:00:18', 'monthly', '2025-10'),
(182, 6, 'DS063', NULL, 0, 0, 0, 6, '2025-12-24 08:00:18', NULL, NULL, '2025-12-24 15:00:18', 'monthly', '2025-10'),
(183, 144, '1766153620', NULL, 0, 0, 0, 19, '2025-12-24 08:00:18', NULL, NULL, '2025-12-24 15:00:18', 'monthly', '2025-10'),
(184, 72, 'DS075', NULL, 0, 0, 0, 14, '2025-12-24 08:00:18', NULL, NULL, '2025-12-24 15:00:18', 'monthly', '2025-10'),
(185, 8, 'DS083', NULL, 0, 0, 0, 23, '2025-12-24 08:00:18', NULL, NULL, '2025-12-24 15:00:18', 'monthly', '2025-10'),
(186, 106, '1766153575', NULL, 0, 0, 0, 20, '2025-12-24 08:00:18', NULL, NULL, '2025-12-24 15:00:18', 'monthly', '2025-10'),
(187, 147, '1766153623', NULL, 0, 0, 0, 22, '2025-12-24 08:00:18', NULL, NULL, '2025-12-24 15:00:18', 'monthly', '2025-10'),
(188, 118, '1766153590', NULL, 0, 0, 0, 22, '2025-12-24 08:00:18', NULL, NULL, '2025-12-24 15:00:18', 'monthly', '2025-10'),
(189, 167, '1766153656', NULL, 0, 0, 0, 22, '2025-12-24 08:00:18', NULL, NULL, '2025-12-24 15:00:18', 'monthly', '2025-10'),
(190, 110, '1766153579', NULL, 0, 0, 0, 23, '2025-12-24 08:00:18', NULL, NULL, '2025-12-24 15:00:18', 'monthly', '2025-10'),
(191, 77, 'DS0', NULL, 0, 0, 0, 4, '2025-12-24 08:00:18', NULL, NULL, '2025-12-24 15:00:18', 'monthly', '2025-10'),
(192, 156, '1766153634', NULL, 0, 0, 0, 20, '2025-12-24 08:00:18', NULL, NULL, '2025-12-24 15:00:18', 'monthly', '2025-10'),
(193, 169, '1766153661', NULL, 0, 0, 0, 6, '2025-12-24 08:00:18', NULL, NULL, '2025-12-24 15:00:18', 'monthly', '2025-10'),
(194, 140, '1766153616', NULL, 0, 0, 0, 23, '2025-12-24 08:00:18', NULL, NULL, '2025-12-24 15:00:18', 'monthly', '2025-10'),
(195, 157, '1766153635', NULL, 0, 0, 0, 20, '2025-12-24 08:00:18', NULL, NULL, '2025-12-24 15:00:18', 'monthly', '2025-10'),
(196, 103, '1766153572', NULL, 0, 0, 0, 11, '2025-12-24 08:00:18', NULL, NULL, '2025-12-24 15:00:18', 'monthly', '2025-10'),
(197, 173, '1766153666', NULL, 0, 0, 0, 23, '2025-12-24 08:00:18', NULL, NULL, '2025-12-24 15:00:18', 'monthly', '2025-10'),
(198, 18, 'DS078', NULL, 0, 0, 0, 21, '2025-12-24 08:00:18', NULL, NULL, '2025-12-24 15:00:18', 'monthly', '2025-10'),
(199, 164, '1766153651', NULL, 0, 0, 0, 19, '2025-12-24 08:00:18', NULL, NULL, '2025-12-24 15:00:18', 'monthly', '2025-10'),
(200, 80, 'DS097', NULL, 0, 0, 0, 22, '2025-12-24 08:00:18', NULL, NULL, '2025-12-24 15:00:18', 'monthly', '2025-10'),
(201, 129, '1766153603', NULL, 0, 0, 0, 23, '2025-12-24 08:00:18', NULL, NULL, '2025-12-24 15:00:18', 'monthly', '2025-10'),
(202, 146, '1766153622', NULL, 0, 0, 0, 22, '2025-12-24 08:00:18', NULL, NULL, '2025-12-24 15:00:18', 'monthly', '2025-10'),
(203, 152, '1766153629', NULL, 0, 0, 0, 22, '2025-12-24 08:00:18', NULL, NULL, '2025-12-24 15:00:18', 'monthly', '2025-10'),
(204, 139, '1766153615', NULL, 0, 0, 0, 17, '2025-12-24 08:00:18', NULL, NULL, '2025-12-24 15:00:18', 'monthly', '2025-10'),
(205, 134, '1766153609', NULL, 0, 0, 0, 17, '2025-12-24 08:00:18', NULL, NULL, '2025-12-24 15:00:18', 'monthly', '2025-10'),
(206, 142, '1766153618', NULL, 0, 0, 0, 18, '2025-12-24 08:00:18', NULL, NULL, '2025-12-24 15:00:18', 'monthly', '2025-10'),
(207, 117, '1766153586', NULL, 0, 0, 0, 18, '2025-12-24 08:00:18', NULL, NULL, '2025-12-24 15:00:18', 'monthly', '2025-10'),
(208, 112, '1766153581', NULL, 0, 0, 0, 20, '2025-12-24 08:00:18', NULL, NULL, '2025-12-24 15:00:18', 'monthly', '2025-10'),
(209, 132, '1766153607', NULL, 0, 0, 0, 21, '2025-12-24 08:00:18', NULL, NULL, '2025-12-24 15:00:18', 'monthly', '2025-10'),
(210, 148, '1766153624', NULL, 0, 0, 0, 16, '2025-12-24 08:00:18', NULL, NULL, '2025-12-24 15:00:18', 'monthly', '2025-10'),
(211, 27, 'DS081', NULL, 0, 0, 0, 21, '2025-12-24 08:00:18', NULL, NULL, '2025-12-24 15:00:18', 'monthly', '2025-10'),
(212, 125, '1766153597', NULL, 0, 0, 0, 23, '2025-12-24 08:00:18', NULL, NULL, '2025-12-24 15:00:18', 'monthly', '2025-10'),
(213, 29, 'DS085', NULL, 0, 0, 0, 22, '2025-12-24 08:00:18', NULL, NULL, '2025-12-24 15:00:18', 'monthly', '2025-10'),
(214, 149, '1766153625', NULL, 0, 0, 0, 22, '2025-12-24 08:00:18', NULL, NULL, '2025-12-24 15:00:18', 'monthly', '2025-10'),
(215, 73, 'DS076', NULL, 0, 0, 0, 14, '2025-12-24 08:00:18', NULL, NULL, '2025-12-24 15:00:18', 'monthly', '2025-10'),
(216, 135, '1766153610', NULL, 0, 0, 0, 21, '2025-12-24 08:00:18', NULL, NULL, '2025-12-24 15:00:18', 'monthly', '2025-10'),
(217, 102, '1766153571', NULL, 0, 0, 0, 23, '2025-12-24 08:00:18', NULL, NULL, '2025-12-24 15:00:18', 'monthly', '2025-10'),
(218, 151, '1766153628', NULL, 0, 0, 0, 20, '2025-12-24 08:00:18', NULL, NULL, '2025-12-24 15:00:18', 'monthly', '2025-10'),
(219, 145, '1766153621', NULL, 0, 0, 0, 17, '2025-12-24 08:00:18', NULL, NULL, '2025-12-24 15:00:18', 'monthly', '2025-10'),
(220, 58, 'DS029', NULL, 0, 0, 0, 22, '2025-12-24 08:00:18', NULL, NULL, '2025-12-24 15:00:18', 'monthly', '2025-10'),
(221, 36, 'DS039', NULL, 0, 0, 0, 21, '2025-12-24 08:00:18', NULL, NULL, '2025-12-24 15:00:18', 'monthly', '2025-10'),
(222, 127, '1766153600', NULL, 0, 0, 0, 21, '2025-12-24 08:00:18', NULL, NULL, '2025-12-24 15:00:18', 'monthly', '2025-10'),
(223, 104, '1766153573', NULL, 0, 0, 0, 23, '2025-12-24 08:00:18', NULL, NULL, '2025-12-24 15:00:18', 'monthly', '2025-10'),
(224, 39, 'DS067', NULL, 0, 0, 0, 19, '2025-12-24 08:00:18', NULL, NULL, '2025-12-24 15:00:18', 'monthly', '2025-10'),
(225, 105, '1766153574', NULL, 0, 0, 0, 17, '2025-12-24 08:00:18', NULL, NULL, '2025-12-24 15:00:18', 'monthly', '2025-10'),
(226, 101, '1766153570', NULL, 0, 0, 0, 21, '2025-12-24 08:00:18', NULL, NULL, '2025-12-24 15:00:18', 'monthly', '2025-10'),
(227, 128, '1766153601', NULL, 0, 0, 0, 23, '2025-12-24 08:00:18', NULL, NULL, '2025-12-24 15:00:18', 'monthly', '2025-10'),
(228, 81, 'DS092', NULL, 0, 0, 0, 17, '2025-12-24 08:00:18', NULL, NULL, '2025-12-24 15:00:18', 'monthly', '2025-10'),
(229, 138, '1766153614', NULL, 0, 0, 0, 18, '2025-12-24 08:00:18', NULL, NULL, '2025-12-24 15:00:18', 'monthly', '2025-10'),
(230, 121, '1766153593', NULL, 0, 0, 0, 20, '2025-12-24 08:00:18', NULL, NULL, '2025-12-24 15:00:18', 'monthly', '2025-10'),
(231, 122, '1766153594', NULL, 0, 0, 0, 1, '2025-12-24 08:00:18', NULL, NULL, '2025-12-24 15:00:18', 'monthly', '2025-10'),
(232, 137, '1766153612', NULL, 0, 0, 0, 22, '2025-12-24 08:00:18', NULL, NULL, '2025-12-24 15:00:18', 'monthly', '2025-10'),
(233, 116, '1766153585', NULL, 0, 0, 0, 21, '2025-12-24 08:00:18', NULL, NULL, '2025-12-24 15:00:18', 'monthly', '2025-10'),
(234, 45, 'DS003', NULL, 0, 0, 0, 24, '2025-12-24 08:00:18', NULL, NULL, '2025-12-24 15:00:18', 'monthly', '2025-10'),
(235, 143, '1766153619', NULL, 0, 0, 0, 20, '2025-12-24 08:00:18', NULL, NULL, '2025-12-24 15:00:18', 'monthly', '2025-10'),
(236, 126, '1766153598', NULL, 0, 0, 0, 22, '2025-12-24 08:00:18', NULL, NULL, '2025-12-24 15:00:18', 'monthly', '2025-10'),
(237, 120, '1766153592', NULL, 0, 0, 0, 22, '2025-12-24 08:00:18', NULL, NULL, '2025-12-24 15:00:18', 'monthly', '2025-10'),
(238, 131, '1766153606', NULL, 0, 0, 0, 19, '2025-12-24 08:00:18', NULL, NULL, '2025-12-24 15:00:18', 'monthly', '2025-10'),
(239, 113, '1766153582', NULL, 0, 0, 0, 22, '2025-12-24 08:00:18', NULL, NULL, '2025-12-24 15:00:18', 'monthly', '2025-10'),
(240, 49, 'DS079', NULL, 0, 0, 0, 23, '2025-12-24 08:00:18', NULL, NULL, '2025-12-24 15:00:18', 'monthly', '2025-10'),
(241, 168, '1766153660', NULL, 0, 0, 0, 19, '2025-12-24 08:00:18', NULL, NULL, '2025-12-24 15:00:18', 'monthly', '2025-10'),
(242, 114, '1766153583', NULL, 0, 0, 0, 16, '2025-12-24 08:00:18', NULL, NULL, '2025-12-24 15:00:18', 'monthly', '2025-10'),
(243, 158, '1766153636', NULL, 0, 0, 0, 23, '2025-12-24 08:00:18', NULL, NULL, '2025-12-24 15:00:18', 'monthly', '2025-10'),
(244, 100, '1766153569', NULL, 0, 0, 0, 20, '2025-12-24 08:00:18', NULL, NULL, '2025-12-24 15:00:18', 'monthly', '2025-10'),
(245, 136, '1766153611', NULL, 0, 0, 0, 23, '2025-12-24 08:00:18', NULL, NULL, '2025-12-24 15:00:18', 'monthly', '2025-10'),
(246, 66, 'DS088', NULL, 0, 0, 0, 19, '2025-12-24 08:00:18', NULL, NULL, '2025-12-24 15:00:18', 'monthly', '2025-10'),
(247, 64, 'DS028', NULL, 0, 0, 0, 21, '2025-12-24 08:00:18', NULL, NULL, '2025-12-24 15:00:18', 'monthly', '2025-10'),
(248, 163, '1766153649', NULL, 0, 0, 0, 21, '2025-12-24 08:00:18', NULL, NULL, '2025-12-24 15:00:18', 'monthly', '2025-10'),
(249, 74, 'DS074', NULL, 0, 0, 0, 15, '2025-12-24 08:00:18', NULL, NULL, '2025-12-24 15:00:18', 'monthly', '2025-10'),
(250, 75, 'DS077', NULL, 0, 0, 0, 14, '2025-12-24 08:00:18', NULL, NULL, '2025-12-24 15:00:18', 'monthly', '2025-10'),
(251, 124, '1766153596', NULL, 0, 0, 0, 2, '2025-12-24 08:00:18', NULL, NULL, '2025-12-24 15:00:18', 'monthly', '2025-10'),
(252, 115, '1766153584', NULL, 0, 0, 0, 23, '2025-12-24 08:00:18', NULL, NULL, '2025-12-24 15:00:18', 'monthly', '2025-10'),
(253, 83, 'DS090', NULL, 0, 0, 0, 21, '2025-12-24 08:00:18', NULL, NULL, '2025-12-24 15:00:18', 'monthly', '2025-10');

-- --------------------------------------------------------

--
-- Table structure for table `rekap_absensi`
--

CREATE TABLE `rekap_absensi` (
  `id` int(11) NOT NULL,
  `nip` varchar(20) NOT NULL,
  `nama` varchar(100) NOT NULL,
  `bulan` int(2) NOT NULL,
  `tahun` int(4) NOT NULL,
  `hadir` int(11) DEFAULT 0,
  `sakit` int(11) DEFAULT 0,
  `izin` int(11) DEFAULT 0,
  `alfa` int(11) DEFAULT 0,
  `dinas_luar` int(11) DEFAULT 0,
  `telat_kurang_30` int(11) DEFAULT 0,
  `telat_30_90` int(11) DEFAULT 0,
  `telat_lebih_90` int(11) DEFAULT 0,
  `finger_tidak_lengkap` int(11) DEFAULT 0,
  `total_gaji` decimal(10,2) DEFAULT 0.00,
  `potongan_total` decimal(10,2) DEFAULT 0.00
) ENGINE=InnoDB DEFAULT CHARSET=utf8mb4 COLLATE=utf8mb4_general_ci;

-- --------------------------------------------------------

--
-- Table structure for table `user`
--

CREATE TABLE `user` (
  `id` int(11) NOT NULL,
  `name` varchar(125) NOT NULL,
  `email` varchar(128) NOT NULL,
  `image` varchar(128) NOT NULL,
  `password` varchar(256) NOT NULL,
  `role_id` int(11) NOT NULL,
  `is_active` int(1) NOT NULL,
  `date_created` int(128) NOT NULL
) ENGINE=InnoDB DEFAULT CHARSET=utf8mb4 COLLATE=utf8mb4_general_ci;

--
-- Dumping data for table `user`
--

INSERT INTO `user` (`id`, `name`, `email`, `image`, `password`, `role_id`, `is_active`, `date_created`) VALUES
(5, 'Super Admin', 'superadmin@gmail.com', 'people-holding-hands-dark-skin-tone-svgrepo-com.png', '$2y$10$gOUmr/zVsc3HhaCa3Jxz1uIC5IOF6QtIEiBeAcrogU1ThW2xnzweW', 1, 1, 1751614988),
(6, 'user', 'user@gmail.com', 'default.jpg', '$2y$10$vZAvNMhdNBJ/WXz47FTUa.stGqRLEfxApXmufTJpMJzmOT8JHIm7.', 2, 1, 1751622872),
(9, 'Muhammad Wendy', 'wendy.diansyah94@gmail.com', 'Cr__@fahrizaimin_on_ig_(1)_jpeg.jpg', '$2y$10$5dT6zC2JoLuCS5XnUfa0nuwLTBnTsEJiLcwmG8Fy3pY3DBbzz5aoW', 2, 1, 1757383125),
(10, 'wendy12', 'wendy12@gmail.com', 'default.jpg', '$2y$10$Ecus7FPh5o9DG7DHkovI8.2I1FG42p1mpXs/XkoKXC8hAcWUNchCK', 2, 1, 1757433991);

-- --------------------------------------------------------

--
-- Table structure for table `user_access_menu`
--

CREATE TABLE `user_access_menu` (
  `id` int(11) NOT NULL,
  `role_id` int(11) NOT NULL,
  `menu_id` int(11) NOT NULL
) ENGINE=InnoDB DEFAULT CHARSET=utf8mb4 COLLATE=utf8mb4_general_ci;

--
-- Dumping data for table `user_access_menu`
--

INSERT INTO `user_access_menu` (`id`, `role_id`, `menu_id`) VALUES
(1, 1, 1),
(2, 1, 2),
(5, 2, 2),
(7, 1, 5),
(11, 1, 9),
(13, 1, 10),
(17, 1, 12),
(18, 2, 9),
(19, 2, 10),
(20, 2, 12),
(23, 1, 13);

-- --------------------------------------------------------

--
-- Table structure for table `user_menu`
--

CREATE TABLE `user_menu` (
  `id` int(11) NOT NULL,
  `menu` varchar(128) NOT NULL
) ENGINE=InnoDB DEFAULT CHARSET=utf8mb4 COLLATE=utf8mb4_general_ci;

--
-- Dumping data for table `user_menu`
--

INSERT INTO `user_menu` (`id`, `menu`) VALUES
(1, 'Admin'),
(2, 'User'),
(5, 'Menu'),
(9, 'Master Data'),
(10, 'Laporan'),
(12, 'Absensi'),
(13, 'Saw');

-- --------------------------------------------------------

--
-- Table structure for table `user_role`
--

CREATE TABLE `user_role` (
  `id` int(11) NOT NULL,
  `role` varchar(128) NOT NULL
) ENGINE=InnoDB DEFAULT CHARSET=utf8mb4 COLLATE=utf8mb4_general_ci;

--
-- Dumping data for table `user_role`
--

INSERT INTO `user_role` (`id`, `role`) VALUES
(1, 'Super Admin'),
(2, 'Admin');

-- --------------------------------------------------------

--
-- Table structure for table `user_sub_menu`
--

CREATE TABLE `user_sub_menu` (
  `id` int(11) NOT NULL,
  `menu_id` int(11) NOT NULL,
  `title` varchar(128) NOT NULL,
  `url` varchar(128) NOT NULL,
  `icon` varchar(128) NOT NULL,
  `is_active` int(1) NOT NULL
) ENGINE=InnoDB DEFAULT CHARSET=utf8mb4 COLLATE=utf8mb4_general_ci;

--
-- Dumping data for table `user_sub_menu`
--

INSERT INTO `user_sub_menu` (`id`, `menu_id`, `title`, `url`, `icon`, `is_active`) VALUES
(1, 1, 'Dashboard', 'dashboard', 'fas fa-fw fa-home', 1),
(3, 2, 'My Profile', 'user', 'fas fa-fw fa-user-tie', 1),
(5, 5, 'Menu Management', 'menu', 'fas fa-fw fa-folder', 1),
(7, 5, 'Submenu Management', 'menu/submenu', 'fas fa-fw fa-folder-open', 1),
(14, 1, 'Role', 'admin/role', 'fas fa-fw fa-wrench', 1),
(15, 9, 'Pegawai', 'pegawai', 'fas fa-fw fa-user-tie', 1),
(17, 12, 'Absensi Bulanan', 'absensi', 'fas fa-user-check', 1),
(19, 1, 'Manajemen User', 'admin/manage_user', 'fas fa-fw fa-users', 1),
(20, 10, 'Laporan Rekap', 'absensi/laporan_rekap', 'flaticon-users', 1),
(21, 12, 'Absensi Harian', 'absensi/absen_harian', 'fas fa-clipboard-list', 1),
(22, 13, 'Bobot', 'saw/bobot', 'fas fa-sliders-h nav-icon', 1),
(23, 13, 'Hasil Penilaian', 'saw', 'fas fa-chart-line nav-icon', 1),
(24, 13, 'Input Penilaian', 'saw/input_penilaian', 'fas fa-clipboard-list nav-icon', 1),
(26, 9, 'Divisi', 'divisi', 'fas fa-fw fa-home', 1);

--
-- Indexes for dumped tables
--

--
-- Indexes for table `absensi`
--
ALTER TABLE `absensi`
  ADD PRIMARY KEY (`id`),
  ADD KEY `nip` (`nip`);

--
-- Indexes for table `absensi_harian`
--
ALTER TABLE `absensi_harian`
  ADD PRIMARY KEY (`id`);

--
-- Indexes for table `bobot`
--
ALTER TABLE `bobot`
  ADD PRIMARY KEY (`id`);

--
-- Indexes for table `divisi`
--
ALTER TABLE `divisi`
  ADD PRIMARY KEY (`id_divisi`);

--
-- Indexes for table `pegawai`
--
ALTER TABLE `pegawai`
  ADD PRIMARY KEY (`id_pegawai`),
  ADD UNIQUE KEY `nip` (`nip`),
  ADD KEY `fk_pegawai_divisi` (`id_divisi`);

--
-- Indexes for table `penilaian_karyawan`
--
ALTER TABLE `penilaian_karyawan`
  ADD PRIMARY KEY (`id_penilaian`),
  ADD KEY `fk_penilaian_pegawai` (`id_pegawai`);

--
-- Indexes for table `rekap_absensi`
--
ALTER TABLE `rekap_absensi`
  ADD PRIMARY KEY (`id`),
  ADD UNIQUE KEY `nip_bulan_tahun` (`nip`,`bulan`,`tahun`);

--
-- Indexes for table `user`
--
ALTER TABLE `user`
  ADD PRIMARY KEY (`id`);

--
-- Indexes for table `user_access_menu`
--
ALTER TABLE `user_access_menu`
  ADD PRIMARY KEY (`id`);

--
-- Indexes for table `user_menu`
--
ALTER TABLE `user_menu`
  ADD PRIMARY KEY (`id`);

--
-- Indexes for table `user_role`
--
ALTER TABLE `user_role`
  ADD PRIMARY KEY (`id`);

--
-- Indexes for table `user_sub_menu`
--
ALTER TABLE `user_sub_menu`
  ADD PRIMARY KEY (`id`);

--
-- AUTO_INCREMENT for dumped tables
--

--
-- AUTO_INCREMENT for table `absensi`
--
ALTER TABLE `absensi`
  MODIFY `id` int(11) NOT NULL AUTO_INCREMENT, AUTO_INCREMENT=1042;

--
-- AUTO_INCREMENT for table `absensi_harian`
--
ALTER TABLE `absensi_harian`
  MODIFY `id` int(11) NOT NULL AUTO_INCREMENT, AUTO_INCREMENT=1489;

--
-- AUTO_INCREMENT for table `bobot`
--
ALTER TABLE `bobot`
  MODIFY `id` int(11) NOT NULL AUTO_INCREMENT, AUTO_INCREMENT=3;

--
-- AUTO_INCREMENT for table `divisi`
--
ALTER TABLE `divisi`
  MODIFY `id_divisi` int(11) NOT NULL AUTO_INCREMENT, AUTO_INCREMENT=7;

--
-- AUTO_INCREMENT for table `pegawai`
--
ALTER TABLE `pegawai`
  MODIFY `id_pegawai` int(11) NOT NULL AUTO_INCREMENT, AUTO_INCREMENT=174;

--
-- AUTO_INCREMENT for table `penilaian_karyawan`
--
ALTER TABLE `penilaian_karyawan`
  MODIFY `id_penilaian` int(11) NOT NULL AUTO_INCREMENT, AUTO_INCREMENT=254;

--
-- AUTO_INCREMENT for table `rekap_absensi`
--
ALTER TABLE `rekap_absensi`
  MODIFY `id` int(11) NOT NULL AUTO_INCREMENT;

--
-- AUTO_INCREMENT for table `user`
--
ALTER TABLE `user`
  MODIFY `id` int(11) NOT NULL AUTO_INCREMENT, AUTO_INCREMENT=12;

--
-- AUTO_INCREMENT for table `user_access_menu`
--
ALTER TABLE `user_access_menu`
  MODIFY `id` int(11) NOT NULL AUTO_INCREMENT, AUTO_INCREMENT=24;

--
-- AUTO_INCREMENT for table `user_menu`
--
ALTER TABLE `user_menu`
  MODIFY `id` int(11) NOT NULL AUTO_INCREMENT, AUTO_INCREMENT=14;

--
-- AUTO_INCREMENT for table `user_role`
--
ALTER TABLE `user_role`
  MODIFY `id` int(11) NOT NULL AUTO_INCREMENT, AUTO_INCREMENT=7;

--
-- AUTO_INCREMENT for table `user_sub_menu`
--
ALTER TABLE `user_sub_menu`
  MODIFY `id` int(11) NOT NULL AUTO_INCREMENT, AUTO_INCREMENT=27;

--
-- Constraints for dumped tables
--

--
-- Constraints for table `pegawai`
--
ALTER TABLE `pegawai`
  ADD CONSTRAINT `fk_pegawai_divisi` FOREIGN KEY (`id_divisi`) REFERENCES `divisi` (`id_divisi`) ON DELETE SET NULL ON UPDATE CASCADE;

--
-- Constraints for table `penilaian_karyawan`
--
ALTER TABLE `penilaian_karyawan`
  ADD CONSTRAINT `fk_penilaian_pegawai` FOREIGN KEY (`id_pegawai`) REFERENCES `pegawai` (`id_pegawai`) ON DELETE CASCADE ON UPDATE CASCADE,
  ADD CONSTRAINT `penilaian_karyawan_ibfk_1` FOREIGN KEY (`id_pegawai`) REFERENCES `pegawai` (`id_pegawai`) ON DELETE CASCADE ON UPDATE CASCADE;
COMMIT;

/*!40101 SET CHARACTER_SET_CLIENT=@OLD_CHARACTER_SET_CLIENT */;
/*!40101 SET CHARACTER_SET_RESULTS=@OLD_CHARACTER_SET_RESULTS */;
/*!40101 SET COLLATION_CONNECTION=@OLD_COLLATION_CONNECTION */;
